Unnamed: 0,ID,Prix,Condition,RAM,Stockage,Marque,Couleur,Taille écran,Résolution
0.0,v1|276779927734|0,230.0,Occasion,8 Go,5 Go,Huawei,Gris,"14""",1920 x 1080
1.0,v1|356347252884|0,250.0,Occasion,8 Go,512 Go,MSI,Noir,"15""",1920 x 1080
2.0,v1|226496713925|0,330.0,Occasion,24 Go,1 To,Lenovo,Noir,"14""",1920 x 1080
3.0,v1|395895523237|0,250.0,Occasion,8 Go,128 Go,Lenovo,Noir,"14""",1920 x 1080
4.0,v1|387684699352|0,340.0,Ouvert (jamais utilisé),16 Mo,512 Go,HP,Gris,"17,3""",1920 x 1080
5.0,v1|356376878312|0,120.0,Occasion,6 Go,500 Go,MSI,Noir,"17,3""",1920 x 1080
6.0,v1|196734278702|0,169.0,Très bon état - Reconditionné,8Go,HD 620,Panasonic,Noir,"12"" LED 2160 * 1440",titre
7.0,v1|176732198029|0,1600.0,Ouvert (jamais utilisé),32 Go,1 To,Dell,Argenté,"17""",1920 x 1080
8.0,v1|286214085403|0,80.0,Occasion,8 Go,256 Go,Lenovo,Noir,"14""",nn
9.0,v1|167178612324|0,649.0,Occasion,512 Go,512 Go,Dell,Noir graphite,"13,4""",3840 x 2400
10.0,v1|176725687531|0,338.47,Occasion,16 Go,512 Go,Apple,Argenté,"15,4""",2880 x 1800
11.0,v1|356365144398|0,220.0,Occasion,16 Go,512 Go,HP,Gris,"14""",1920 x 1080
12.0,v1|126732116433|0,240.0,Occasion,8Go,256 Go,Apple,Space Grey,"13""",2560x1600
14.0,v1|276770564272|0,165.0,Occasion,16 Go,16 Go,Dell,Marron,"14""",1920 x 1080
15.0,v1|235869979752|0,90.0,Occasion,6 Go,240Go,Sony,Noir,"15,6""",1366 x 786
16.0,v1|395427398249|0,329.0,Occasion,16 Go,500 Go,Lenovo,Noir,"15,6""",1920 x 1080
17.0,v1|235859799458|0,45.0,Ouvert (jamais utilisé),2 Go,32 Go,Danew,Argenté,"10,1""",1280 x 800
18.0,v1|126828727112|0,290.0,Occasion,16 Go,512 Go,Dell,Gris,"13,3""",1920 x 1080
19.0,v1|186690219384|0,450.0,Occasion,8 Go,512 Go,ASUS,Noir,"15,6""",1920 x 1080
20.0,v1|176729111408|0,159.99,Occasion,8 Go,128 Go,Apple,Argenté,"13""",2560 x 1600
21.0,v1|296882818273|0,199.99,Occasion,16 Go,256Go SSD,Dell,Noir,"14""",1366 x 768
22.0,v1|126731294887|427786658693,128.54,Occasion,8 Go,256 Go,Panasonic,Argent,25.7cm,1920 x 1080
23.0,v1|395937180861|0,205.0,Occasion,8 Go,256 Go,Intel,Argenté,"14""",1920 x 1080
24.0,v1|365285586839|0,189.99,Occasion,8 Go,256 Go,Lenovo,Noir,"13,3""",1920 x 1080
25.0,v1|395961012072|0,250.0,Occasion,16 Go,1 To,HP,Noir,ecran de 24 pouces possible,1920 x 1080
26.0,v1|276757263022|0,57.0,Occasion,6 Go,500 Go,HP,Noir,"15,6""",1366 x 768
27.0,v1|167177044347|0,600.0,Occasion,16 Go,100 Go,Acer,Noir,"17,3""",1920 x 1080
28.0,v1|326365399320|0,499.0,Occasion,32 Go,1 To,Dell,Gris,"15,6""",1920 x 1080
29.0,v1|126775700704|0,230.0,Occasion,16 Go,256 Go,HP,Argenté,"13,3""",1920 x 1080
30.0,v1|316044931910|0,197.63,Parfait état - Reconditionné,8 Go,256 Go,Dell,Noir,"14""",1920 x 1080
33.0,v1|387727899261|0,1000.0,Occasion,16 Go,512 Go,MSI,Noir,"15,6""",1920 x 1080
34.0,v1|365249211566|0,318.34,Occasion,16 Go,512 Go,MSI,Noir,"15,6""",1920 x 1080
35.0,v1|387722064432|0,99.99,Occasion,4 Go,500 Go,Lenovo,Noir,"13,5""",1920 x 1080
36.0,v1|196885994848|0,150.0,Occasion,8 Go,256 Go,Dell,Gris,"14""",1920 x 1080
37.0,v1|296848103901|0,160.0,Occasion,8 Go,500 Go,ASUS,noir/marron,"15,6""",1366 x 768
38.0,v1|365285576785|0,169.99,Occasion,8 Go,512 Go,Lenovo,Noir,"13,3""",1366 x 768
40.0,v1|316043079926|0,450.0,Occasion,8 Go,8 Go,ASUS,noire,"17,3""",1600 x 900
41.0,v1|226437631840|0,335.0,Occasion,20 Go,500 Go,Dell,Noir,"15,6""",1920 x 1080
42.0,v1|356359937928|0,185.0,Occasion,16 Go,500 Go,HP,Gris,"14""",1366 x 768
43.0,v1|186745547730|0,270.0,Occasion,8 Go,256 Go,Dell,Noir,"15,6""",1920 x 1080
44.0,v1|316052346457|0,180.0,Occasion,8Go,256 Go,Apple,Space Grey,"13""",2560x1600
45.0,v1|186823838781|0,100.0,Occasion,8 Go,8 Go,Acer,Noir,"14""",1920 x 1080
46.0,v1|355882036974|0,720.0,Occasion,16 Go,1 To,ASUS,Noir,"14""",1920 x 1080
47.0,v1|365261546008|0,620.0,Occasion,8 Go,256 Go,Microsoft,Noir,"13""",2880 x 1920
48.0,v1|395783010411|0,105.0,Occasion,6 gb,1 To,ASUS,Gris,"15,6""",1366 x 768
49.0,v1|186731309791|0,119.0,Occasion,8 Go,0,Lenovo,Noir,"13""",1920x1080
50.0,v1|387176794155|0,340.0,Occasion,8 Go,256 Go,HP,Argent,"13""",1920x1080
52.0,v1|186792204272|0,420.0,Ouvert (jamais utilisé),16 Go,512 Go,Lenovo,Gris,"15,6""",1920 x 1080
53.0,v1|387436170733|0,365.0,Occasion,16 Go,256 Go,HP,Argenté,"14""",1920 x 1080
54.0,v1|356359950100|0,235.0,Occasion,16 Go,500 Go,HP,Gris,"14""",1920 * 1080
55.0,v1|185744264478|0,75.0,Occasion,4 Go,00,Lenovo,Noir,NN,3840 x 2400
56.0,v1|186844443667|0,129.99,Occasion,512 Mo,20 Go,Dell,Noir,"14""",1400 x 1050
57.0,v1|296880948762|0,130.0,Occasion,8 Go,480 Go,Acer,Noir,"15,6""",1366 x 768
58.0,v1|387485442493|0,160.0,Occasion,8 Go,128 Go,Apple,Argenté,"13""",1440 x 900
60.0,v1|296824872457|0,110.0,Occasion,4 Go,32 Go,Lenovo,Bleu,"11,6""",1366 x 768
61.0,v1|387720513747|0,510.0,Occasion,16 Go,256 Go,Apple,Gris,"15""",3072 x 1920
62.0,v1|135387501286|0,429.0,Très bon état - Reconditionné,16 Go,500 Go,Lenovo,Noir,"15,6""",1920 x 1080
63.0,v1|116420676534|0,345.0,Occasion,32 Go,256 Go,Dell,Gris,"15,6""",1920 x 1080
64.0,v1|335670272737|0,345.0,Occasion,16 Go,512 Go,Apple,Gris entracite,"15,4",2880 x 1800
65.0,v1|286211338380|0,399.9,Occasion,16 Go,256 Go,Lenovo,Noir,"14""",1366 x 768
66.0,v1|267098051081|0,250.0,Occasion,8 Go,1 To,Acer,Noir,"11,6""",1366 x 768
67.0,v1|135384012047|0,469.0,Occasion,16 Go,512 Go,Lenovo,Noir,"15,6""",1920 x 1080
68.0,v1|396001362640|0,900.0,Occasion,16 Go,512 Go,ASUS,Noir,"17,3""",1920 x 1080
69.0,v1|167053812685|0,300.0,Occasion,16 Go,1 To,ASUS,Multicouleur,"15,6""",1920 x 1080
71.0,v1|335731133904|0,52.0,Occasion,4 Go,500 Go,Dell,Noir,"14""",1366×768
72.0,v1|405397479844|0,330.0,Ouvert (jamais utilisé),16 Go,512 Go,Acer,Gris,"15,6""",1920 x 1080
73.0,v1|296868755313|0,75.0,Neuf,2 Go,32 Go,Danew,Argenté,"10,1""",1280 x 800
74.0,v1|365181445413|0,225.0,Occasion,8 Go,256 Go,HP,Argenté,"14""",1920 x 1080
75.0,v1|167099833171|0,149.0,Occasion,8 Go,240 Go,Lenovo,Noir,"12,5""",1366 x 768
76.0,v1|395753876712|0,269.0,Occasion,16 Go,256 Go,Dell,Noir,"13""",1366 x 768
77.0,v1|196738091165|0,90.0,Occasion,8 Go,500 Go,ASUS,Noir,"15,6""",1366 x 768
78.0,v1|356121570771|0,500.0,Neuf,16 Go,8 Go,Microsoft,Rose,"12,4""",1536 x 1024
79.0,v1|116318280810|0,890.0,Occasion,32 Go,1 To,Lenovo,Noir,"15,6""",1920 x 1080
82.0,v1|256749617949|0,159.0,Occasion,256MB,20GB,Acer,Noir,"15""",1024 x 768 (XGA)
83.0,v1|405340086755|0,40.0,Occasion,4 Go,120 Go,Acer,Violet,"15,6""",1366 x 768
84.0,v1|186839851214|0,69.0,Occasion,6 Go,256 Go,Lenovo,Noir,"15,6""",1366 x 768
85.0,v1|286183763944|0,360.0,Occasion,4 Go,150 Go,HP,Noir,"20,1""",1680 x 1050
86.0,v1|116419408101|0,250.0,Occasion,8 Go,256 Go,Dell,Gris,"15,6""",1920 x 1080
87.0,v1|196877247760|0,129.0,Très bon état - Reconditionné,8Go,256Go SSD,Lenovo,Noir,"14""",1920 x 1080
88.0,v1|267097883053|0,219.0,Occasion,8 Go,128 Go,Dell,Noir,"14""",1920 x 1080
89.0,v1|315727979749|0,1590.0,Ouvert (jamais utilisé),16 Go,512 Go,ASUS,Gris,"14""",3k
90.0,v1|375860026581|0,510.0,Occasion,64 Go,1 To,Lenovo,Noir,"15,6""",1920 x 1080
91.0,v1|116408029216|0,229.0,Occasion,8 Go,256 Go,Dell,Gris,"13,3""",1920 x 1080
92.0,v1|316046921868|0,370.0,Neuf,16 Go,512 Go,Dell,Noir,"15""",1920 x 1080
93.0,v1|126820079947|0,110.0,Occasion,8 Go,750 Go,HP,Gris,"17,3""",1600 x 900
94.0,v1|186830952578|0,35.0,Occasion,4 Go,160 Go,ASUS,Noir,"15,6""",1366 x 768
95.0,v1|267094469273|0,219.0,Occasion,16 Go,500 Go,HP,Gris,"15,6""",1920 x 1080
96.0,v1|186732251956|0,119.0,Occasion,8 Go,0,Lenovo,Noir,Nn,nn
97.0,v1|296712094082|0,335.0,Occasion,8 Go,256 Go,Lenovo,Gris,"15,6""",1920 x 1080
100.0,v1|126486913953|0,199.0,Occasion,8 Go,700 Go,Acer,Noir,"17,3""",1600 x 900
102.0,v1|267065487537|0,199.0,Occasion,4 Go,128 Go,Panasonic,Argenté,"10,8""",1024 x 768
103.0,v1|186661859695|0,195.0,Neuf,16 Go,256 Go,- Sans marque/Générique -,Argenté,"14,1""",1920 x 1080
104.0,v1|156583698926|0,550.0,Occasion,16 Go,512 Go,Dell,Noir,"15,6""",1920 x 1080
105.0,v1|395855150825|0,69.9,Occasion,4 Go,500 Go,Toshiba,Blanc,"15,6""",1366 x 768
106.0,v1|326312216656|0,450.0,Occasion,16 Go,512 Go,Microsoft,Argenté,"13""",3000 x 2000
107.0,v1|396011748594|0,1400.0,Occasion,32 Go,512 Go,CLEVO,Argenté,"17""",1920 x 1080
108.0,v1|205081605632|0,110.0,Occasion,256 Mo,"18,1 Go",Apple,Noir,"14,1""",1024 x 768
109.0,v1|326372797904|0,150.0,Occasion,2Go,64GBGo,Apple,Silver,"11""",2560x1600
110.0,v1|116405645432|0,350.0,Occasion,32 Go,256 Go,Dell,Gris,"15,6""",1920 x 1080
111.0,v1|126798727973|0,700.0,Occasion,8 Go,1To,Dell,Shadow Grey,"15,6""",1920 x 1080
112.0,v1|315859658447|0,400.0,Ouvert (jamais utilisé),32 Go,512 Go,Dell,Gris,"14""",1920 x 1080
113.0,v1|365107332513|0,320.0,Occasion,8 Go,240 Go,Lenovo,Noir,"14""",1920 x 1080
114.0,v1|365168137615|0,399.0,Occasion,16 Go,240 Go,ASUS,Bleu,"13,3""",3840 x 2160
115.0,v1|116329552687|0,349.0,Occasion,8192,256 Go,Dell,Noir,14 Zoll,1920 x 1080
116.0,v1|186843134425|0,189.0,Occasion,4 Go,0,HP,Gris,"15,6""",Nn
117.0,v1|176524700087|0,150.0,Occasion,32 Mo,2 Go,Fujitsu,Noir,"12""",800 x 600
118.0,v1|355619702479|0,170.0,Occasion,4 Go,300 Go,Unowhy,Noir,"13,3""",1920 x 1200
119.0,v1|405084031979|0,299.0,Occasion,16 Go,512 Go,Dell,Noir,"14""",1366 x 768
120.0,v1|226432817174|0,3650.0,Occasion,64 Go,1 To,Apple,Noir,"16""",3456 x 2234
121.0,v1|126830878650|0,1819.85,Occasion,64 Go,2 To,Lenovo,Noir,40.6cm,2560 x 1600
122.0,v1|226305269660|0,275.0,Occasion,8 Go,256 Go,Lenovo,Noir,"14""",1920 x 1080
123.0,v1|126712500731|0,378.0,Occasion,8 Go,1 To,Acer Nitro 5,Noir,"15,6""",1920 x 1080
124.0,v1|355983731689|0,650.0,Occasion,16 Go,512 Go,HP,Noir,"16,1""",1920 x 1080
125.0,v1|305973397638|0,249.0,Occasion,8 Go,256 Go,Lenovo,Noir,"14""",1920 x 1080
126.0,v1|116291531997|0,100.0,Occasion,8 Go,256 Go,Dell,Noir,"14""",1366 x 768
128.0,v1|405386368662|0,160.0,Ouvert (jamais utilisé),6 Go,256 Go,Amazon,Argenté,"14""",1920 x 1080
129.0,v1|176727269009|0,99.99,Occasion,4 Go,128 Go,Apple,Argent,"13""",1280 x 800
130.0,v1|186840595661|0,140.0,Occasion,16 Go,256 Go,HP,Argenté,"12,5""",1920 x 1080
131.0,v1|286180796858|0,139.0,Occasion,4 Go,64 Go,Thomson,Gris,"14""",1920 x 1080
132.0,v1|286146414825|0,155.0,Occasion,4 Go,256 Go,Dell,Noir,"14,1""",1920 x 1080
135.0,v1|387528423722|0,190.0,Occasion,6 Go,512 Go,Dell,Noir,"14""",1920 x 1080
136.0,v1|375458359652|644401656127,339.95,Neuf,8 Go,256 Go,- Sans marque/Générique -,Noir,"15,6""",1920 x 1080
138.0,v1|267092393138|0,47.91,Ouvert (jamais utilisé),2 Go,16 Go,KLIPAD,Gris,"10,1""",1280 x 800
139.0,v1|395963936615|0,500.0,Occasion,16 Go,512 Go,MSI,Noir,"15,6""",1920 x 1080
140.0,v1|365277616067|0,360.0,Occasion,8 Go,250 Go,Lenovo,Noir,"14""",1920 x 1080
141.0,v1|196575461741|0,189.0,Très bon état - Reconditionné,16go,256Go SSD,Dell,Noir,"12""5",titre
142.0,v1|395821410829|0,50.0,Occasion,512 MB,60 GB,Fujitsu,Gris /M noir,"15,4 pouces",1280*800
143.0,v1|145790928646|0,900.0,Occasion,8 Go,256 Go,Apple,Argenté,"13,6""",2560 x 1664
144.0,v1|126825281182|0,100.0,Occasion,8 Go,250 Go,Lenovo,Noir,"15,6""",1366 x 768
145.0,v1|365279619501|0,270.0,Occasion,8 Go,256 Go,Dell,Noir,"13,3""",1920 x 1080
146.0,v1|267094675688|0,229.0,Occasion,16 Go,240Go,Dell,Gris,"17,3""",1600 x 900
147.0,v1|196668562476|0,399.0,Très bon état - Reconditionné,16 Go,500Go SSD,ASUS,Noir,17.3,titre
148.0,v1|146268220371|0,200.0,Occasion,8 Go,1050 Go,Samsung,Noir,"15,6""",1366 x 768
149.0,v1|356079530565|0,479.0,Occasion,16 Go,500 Go,Dell,Gris,"15,6""",1920 x 1080
150.0,v1|167174961514|0,178.4,Occasion,8 Go,512 Go,Lenovo,Noir,"14""",‎1366 x 768
151.0,v1|186319660495|0,119.0,Occasion,sans ram,sans ssd,Dell,Noir,"14""",1920 x 1080
152.0,v1|116420536471|0,275.0,Occasion,8 Go,256 Go,HP,Gris,"14,2""",1920 x 1080
153.0,v1|256713077171|0,189.0,Occasion,8 Go,320 Go,Lenovo,Noir,"15,6""",1366 x 768
155.0,v1|196295442340|0,159.0,État correct - Reconditionné,8 Go,256Go SSD,Lenovo,Noir,"15.6""",1920x1080
156.0,v1|196760271337|0,350.0,Occasion,16 Go,256 Go,Lenovo,Noir,"14""",1920 x 1080
157.0,v1|135356390803|0,700.0,Occasion,512 Go,512 Go,Acer,Noir,"17,3""",1920 x 1080
158.0,v1|286195561118|0,190.0,Occasion,8 Go,"1,5 To = 500 Go SSD + 1 To HD",Apple,Gris,"15,4""",1440 x 900
159.0,v1|326368928894|0,250.0,Occasion,16 Go,512 Go,Lenovo,Noir,"14""",1920 x 1200
160.0,v1|286170984209|0,580.0,Neuf,16 Go,1 To,HP,Argenté,"15,6",1920 x 1080
161.0,v1|315934099814|0,89.99,Occasion,4 Go,256 Go,Acer,Gris,"17,3""",1600 x 900
163.0,v1|296643148760|0,550.0,Occasion,8 Go,1 To,ASUS,Royal Blue,"13,3""",1920 x 1080
164.0,v1|205138785440|0,620.0,Occasion,16 Go,512 Go,HP,Argenté,15.6,intel turbo boost
166.0,v1|196861218713|0,270.0,Occasion,8 Go,256 Go,Dell,Gris,"14""",1920 x 1080
167.0,v1|186844484504|0,119.99,Occasion,2 Go,60 Go,IBM,Noir,"14,1""",1024 x 768
168.0,v1|156064442352|0,109.0,Occasion,256 Go,256 Go,Lenovo,Noir,"15.6""",1366 x 768
169.0,v1|387659909797|0,420.0,Occasion,8Go,512 Go,Apple,Space Grey,"13""",2560x1600
170.0,v1|364136656924|0,225.0,Occasion,8 Go,256 Go,HP,Argenté,"14""",1920 x 1080
171.0,v1|186810736851|0,179.0,Occasion,8 Go,0,Lenovo,Noir,"14""",nn
174.0,v1|286210787356|0,229.0,Très bon état - Reconditionné,8 Go,500 Go,Dell,Noir,"15,6""",1366 x 768
176.0,v1|365252691741|0,175.0,Occasion,8 Go,256 Go,HP,Argenté,"15""",1920 x 1080
178.0,v1|286211696943|0,139.0,Occasion,8 Go,320 Go,HP,Noir,"15,6""",1366 x 768
179.0,v1|305972784813|0,450.0,Occasion,16 Go,16 Go,Lenovo,Noir,"14""",2560 x 1440
181.0,v1|267062740370|0,79.0,Occasion,4 Go,250 Go,Lenovo,Noir,"14""",1366 x 768
182.0,v1|387700611820|0,189.99,Occasion,16 Go,1 To,Intel,Argenté,"15""",1920 x 1080
183.0,v1|196876945940|0,209.0,Très bon état - Reconditionné,16Go,256Go SSD,Lenovo,Noir,"14""",titre
184.0,v1|196852683529|0,320.0,Occasion,8 Go,512 Go,ASUS,Gris,"15""",1920 x 1080
185.0,v1|156448079195|0,190.0,Occasion,8 Go,256 Go,Dell,Argenté,"13,3""",1920 x 1080
186.0,v1|305751736477|0,60.0,Occasion,3 Go,60 Go,IBM,Noir,"15,6""",1366 x 768
187.0,v1|196882327062|0,165.0,Occasion,16 Go,256 Go,Dell,Noir,"14""",1360 x 768
188.0,v1|387502740656|0,164.0,Occasion,8 Go,256 Go,Lenovo,Noir,"12""",1366 x 768
189.0,v1|375864158077|0,400.0,Occasion,16 Go,1 To,MSI,Gris,"15,6""",1920 x 1080
190.0,v1|196295470063|0,369.0,Très bon état - Reconditionné,8Go,256Go SSD,HP,Silver,"14"" Tactile",titre
191.0,v1|256707771741|0,550.0,Occasion,16 Go,256 Go,Apple,Gris,"15,4""",2880 x 1800
192.0,v1|267070392665|0,229.0,Occasion,16 Go,256 Go,Dell,Noir,"14""",1920 x 1080
193.0,v1|256562925706|0,99.9,Occasion,4 Go,250 Go,Intel,Noir,"15,3""",1366 x 768
194.0,v1|235798825360|0,149.0,Occasion,4 Go,128 Go,Apple,Argenté,"11""",1366 x 768
196.0,v1|176728057992|0,399.0,Occasion,8 Go,256 Go,Apple,Gris,"13""",2560 x 1600
197.0,v1|365231274077|0,220.0,Occasion,8 Go,256 Go,HP,Gris,"13,3",1920 x 1080
198.0,v1|256747791338|0,229.0,Très bon état - Reconditionné,8 Go,500 Go,Dell,Noir,"15,6""",1366 x 768
199.0,v1|393671404225|0,239.0,Occasion,8 Go,256 Go,Dell,Noir,"14""",1366 x 768
200.0,v1|375836205767|0,499.99,Neuf,8 Go,256 Go,Samsung,Argenté,"15,6""",1920 x 1080
201.0,v1|176720651513|0,119.99,Occasion,4 Go,1 To,Dell,Noir,"15,6""",1366 x 768
202.0,v1|186776571430|0,199.0,Occasion,8 Go,0,Lenovo,Noir,"15,6""",nn
203.0,v1|186752029276|0,54.0,Occasion,4 Go,32 Go,Dell,Noir,"11,6""",1366 x 768
204.0,v1|186655309736|0,60.0,Occasion,4 Go,32 Go,Dell,Noir,"11,6""",1366 x 768
206.0,v1|126827211100|0,140.0,Occasion,8 Go,128 Go,Apple,Argenté,"13,3""",1440 x 900
207.0,v1|116419421703|0,350.0,Occasion,32 Go,256 Go,Dell,Gris,"15,6""",1920 x 1080
208.0,v1|156575496078|0,300.0,Occasion,8 Go,256 Go,Apple,Gris antrasite,"13""",2560 x 1600
209.0,v1|186844550498|0,75.0,Occasion,6 Go,320 Go,Lenovo,Noir,"14""",1366 x 768
210.0,v1|186676730202|0,68.0,Occasion,4 Go,320 Go,Toshiba,Noir,"15,6""",1366 x 768
211.0,v1|186844489187|0,75.0,Occasion,6 Go,500 Go,Dell,Noir/Argent,"15,6""",1920 x 1080
212.0,v1|186748481325|0,55.0,Occasion,4 Go,Sans,Packard Bell,Noir,"17,3""",1600 x 900
213.0,v1|176614850658|0,1099.0,Ouvert (jamais utilisé),16Go de RAM LPDDR5X,1 To,ASUS,Noir,"13,3""","3K (2880x1800), 16:10, 60 Hz"
214.0,v1|186706568840|0,51.0,Occasion,4 Go,250 Go,Dell,Noir,"14,1""",1366×768
215.0,v1|186706551717|0,40.0,Occasion,3 Go,250 Go,HP,Noir,"15,4""",1366 x 768
216.0,v1|126825657594|0,250.0,Occasion,8 Go,256 Go,HP,Gris,"15,6""",1920 x 1080
218.0,v1|186844523794|0,125.0,Occasion,8 Go,500 Go,HP,Noir,"15,6""",1366 x 768
219.0,v1|186705334195|0,70.0,Occasion,4 Go,320 Go,Apple,Gris,"13""",1280 x 800
220.0,v1|335593784213|0,240.0,Occasion,16 Go,256 Go,Dell,Argenté,"13.3""",titre
221.0,v1|196893767549|0,240.0,Occasion,8 Go,256 Go,Dell,Noir,"14""",1920 x 1080
222.0,v1|126802696486|0,300.0,Occasion,16 Go,256 Go,Apple,Gris,"13,3""",2560 x 1600
223.0,v1|186748481022|0,45.0,Occasion,3 Go,160 Go,Acer,Noir,"17""",1440 x 900
224.0,v1|235742500783|0,130.0,Occasion,6 Gb,300,Dell,Argenté,"14""",1920 x 1080
225.0,v1|126682825080|0,139.0,Occasion,8 Go,256 Go,Dell,Noir/Gris,"14""",1920 x 1080
226.0,v1|335640108479|0,490.0,Neuf,8 Go,256 Go,Dell,Gris,"13,3 Zoll",1920 x 1080
227.0,v1|126802713936|0,350.0,Occasion,16 Go,256 Go,Apple,Gris,"15,4""",2880 x 1800
228.0,v1|126682825038|0,175.0,Occasion,16 Go,256 Go,Dell,Gris,"15,6""",1920 x 1080
229.0,v1|186677162146|0,67.0,Occasion,4 Go,500 Go,HP,Marron,"13,3""",1366 x 768
230.0,v1|126682825106|0,205.0,Occasion,8 Go,256 Go,Lenovo,Noir,"13,3""",1920 x 1080
231.0,v1|365237979885|0,1099.0,Occasion,32 Go,1 To,Alienware,Blanc,"14""",1920 x 1080
232.0,v1|126682825097|0,299.0,Occasion,24 Go,256 Go,Lenovo,Noir,"15,6""",1920 x 1080
233.0,v1|335705735102|0,549.0,Neuf,256 Go,512 Go,Dell,silver,"14""",1920 x 1080
237.0,v1|126821773583|0,130.0,Occasion,8 Go,256 Go,Apple,Argenté,"13,3""",1440 x 900
238.0,v1|116419039097|0,115.0,Occasion,4 Go,240Go,ASUS,Noir,"15""",1366 x 768
239.0,v1|146268220636|0,300.0,Occasion,16 Go,1 To,Acer,Noir,"17,3""",1920 x 1080
240.0,v1|196890364887|0,140.0,Occasion,8 Go,256 Go,HP,Noir,"14""",1366 x 768
241.0,v1|196795522494|0,250.0,Occasion,8 Go,256 Go,Dell,Gris,"13""",1920 x 1080
242.0,v1|326151294892|0,175.0,Occasion,16 Go,256 Go,HP,Gris,"15""",1366 x 768
243.0,v1|196873216440|0,390.0,Occasion,16 Go,512 Go,Microsoft,Bleu,"13,5""",2256 x 1504
244.0,v1|196866477277|0,200.0,Occasion,8 Go,256 Go,Fujitsu,Noir,"12""",1366 x 768
245.0,v1|196825097353|0,150.0,Occasion,8 Go,256 Go,HP,Gris,"14""",1366 x 768
246.0,v1|196874747160|0,300.0,Occasion,8 Go,256 Go,Acer,Noir,"15""",1920 x 1080
247.0,v1|196795288085|0,390.0,Occasion,16 Go,256 Go,HP,Gris,"15""",1920 x 1080
248.0,v1|365254556094|0,329.9,Neuf,128 Go,8 Go,Lenovo,Gris,"15""",2160 x 1350
249.0,v1|135420803541|0,399.0,Très bon état - Reconditionné,16 Go,256 Go,Lenovo,Noir,"15,6""",1920 x 1080
250.0,v1|196853006939|0,300.0,Occasion,16 Go,512 Go,Lenovo,Noir,"14""",1920 x 1080
251.0,v1|196885994844|0,150.0,Occasion,8 Go,256 Go,Lenovo,Noir,"14""",1366 x 768
252.0,v1|365252655106|0,175.0,Occasion,8 Go,256 Go,HP,Argenté,"14""",1366 x 768
253.0,v1|356079108561|0,149.0,Très bon état - Reconditionné,8 Go,240 Go,HP,Argenté,"14""",1366 x 768
254.0,v1|196885994847|0,200.0,Occasion,16 Go,256 Go,Dell,Noir,"14""",1366 x 768
255.0,v1|146268220457|0,750.0,Occasion,16 Go,512 Go,MSI,Noir,"17,3""",1920 x 1080
256.0,v1|276762475676|0,59.0,Occasion,4 Go,500 Go,ASUS,Noir,"14""",1366 x 768
257.0,v1|196760271339|0,200.0,Occasion,8 Go,256 Go,Dell,Noir,"15,6""",1366 x 768
258.0,v1|146268220304|0,200.0,Occasion,8 Go,256 Go,Acer,Noir,"15,6""",1366 x 768
259.0,v1|196855177923|0,390.0,Occasion,8 Go,256 Go,HP,Gris,"15""",1366 x 768
260.0,v1|196873216441|0,240.0,Occasion,8 Go,256 Go,Lenovo,Noir,"12""",1366 x 768
261.0,v1|196873216443|0,230.0,Occasion,8 Go,256 Go,Lenovo,Noir,"12""",1366 x 768
262.0,v1|256727312993|0,399.0,Occasion,4 Go,256 Go,Panasonic,Argenté,"13,3""",1024 x 768
263.0,v1|356059112639|0,179.0,Très bon état - Reconditionné,8 Go,480 Go,HP,Gris,"12""",1366 x 768
264.0,v1|196890364889|0,290.0,Occasion,8 Go,256 Go,HP,Gris,"15""",1920 x 1080
265.0,v1|196881889326|0,605.0,Occasion,256 Go,256 Go,Apple,Gris,"13,3""",2560 x 1600
266.0,v1|196876772806|0,200.0,Occasion,8 Go,256 Go,Dell,Noir,"15,6""",1366 x 768
267.0,v1|266358481931|0,429.0,Occasion,4 Go,256 Go,Panasonic,Argenté,"10,8""",1920 x 1200
268.0,v1|196848867959|0,150.0,Occasion,8 Go,500 Go,Lenovo,Noir,"14""",1920 x 1080
269.0,v1|196890364885|0,790.0,Occasion,24 Go,1 To,Razer,Noir,"15""",1920 x 1080
270.0,v1|196861621307|0,230.0,Occasion,8 Go,256 Go,Dell,Gris,"15""",1920 x 1080
271.0,v1|196814431759|0,220.0,Occasion,8 Go,256 Go,Dell,Noir,"14""",1920 x 1080
272.0,v1|135030798683|0,299.0,Très bon état - Reconditionné,16 Go,256 Go,Dell,Noir,"14""",1366 x 768
273.0,v1|196861316553|0,270.0,Occasion,8 Go,256 Go,Dell,Gris,"14""",1920 x 1080
274.0,v1|356364826187|0,150.0,Occasion,6 Go,1 To,Intel,Gris,"15,6""",1920 x 1080
275.0,v1|256563870924|0,190.0,Occasion,4 Go,250 Go,ASUS,Noir,"17,3""",1600 x 900
276.0,v1|356059112606|0,179.0,Très bon état - Reconditionné,8 Go,256 Go,Lenovo,Noir,"13,3""",1920 x 1080
277.0,v1|196766738912|0,350.0,Occasion,8 Go,256 Go,Lenovo,Noir,"13""",1920 x 1080
278.0,v1|326365218361|0,60.0,Ouvert (jamais utilisé),2 Go,16 Go,KLIPAD,Noir,"7""",1024 x 600
279.0,v1|196879404448|0,270.0,Occasion,16 Go,256 Go,Dell,Gris,"14""",1920 x 1080
280.0,v1|186688725003|0,189.0,Occasion,8 Go,500 Go,HP,Noir,12.5,1366 x 768
281.0,v1|196747836351|0,140.0,Occasion,8 Go,128 Go,Fujitsu,Noir,"14""",1366 x 768
282.0,v1|186734769141|0,135.0,Ouvert (jamais utilisé),4 Go,500 Go,Sony,Noir,"17,3""",1600 x 900
283.0,v1|267015734445|0,195.0,Occasion,4 Go,250 Go,HP,Gris,"15,6""",1366 x 768
284.0,v1|356179638256|0,219.0,Parfait état - Reconditionné,8 Go,480Go,Dell,Noir,"15,6""",1366 x 768
285.0,v1|135297195019|0,309.0,Très bon état - Reconditionné,16 Go,256 Go,Dell,Noir,"14""",1920 x 1080
286.0,v1|305750093474|0,80.0,Occasion,4 Go,4 Go,HP,Rouge,"11,6""",1366 x 768
287.0,v1|196832128951|0,270.0,Occasion,8 Go,256 Go,Dell,Gris,"14""",1920 x 1080
288.0,v1|196794615349|0,240.0,Occasion,8 Go,256 Go,Dell,Noir,"14""",1920 x 1080
289.0,v1|196736353884|0,130.0,Occasion,8 Go,128 Go,Toshiba,Noir,"15,6""",1360 x 768
290.0,v1|185855631818|0,169.0,Occasion,8 Go,0,HP,Gris,14,Nn
291.0,v1|186734747228|0,145.0,Occasion,4 Go,1 To,ASUS,Blanc,"15,6""",1366 x 768
292.0,v1|196861302352|0,260.0,Occasion,8 Go,256 Go,Dell,Gris,"14""",1920 x 1080
293.0,v1|196874720301|0,290.0,Occasion,8 Go,256 Go,HP,Gris,"15""",1920 x 1080
294.0,v1|364827257115|0,290.0,Occasion,16 Go,16 Go,HP,Gris,"14""",1920 x 1080
295.0,v1|196795984334|0,370.0,Occasion,8 Go,256 Go,Dell,Noir,"15""",1920 x 1080
296.0,v1|196861621306|0,270.0,Occasion,8 Go,256 Go,Dell,Noir,"14""",1920 x 1080
297.0,v1|235822077019|0,309.0,Occasion,8 Go,256 Go,Dell,Noir,"15""",1920 x 1080
298.0,v1|326174688875|0,100.0,Occasion,4 Go,120 Go,Dell,Bleu,"14,1""",1280 x 800
299.0,v1|365045612476|0,2400.0,Occasion,8 Go,256 Go,Lenovo,Noir,"12,5""",1920 x 1080
300.0,v1|365172159855|0,1900.0,Occasion,16 Go,256 Go,Dell,Noir,"13""",1920 x 1080
301.0,v1|196870388398|0,370.0,Occasion,16 Go,256 Go,Dell,Gris,"15""",1920 x 1080
302.0,v1|196873216439|0,290.0,Occasion,8 Go,256 Go,Lenovo,Noir,"13""",1920 x 1080
303.0,v1|135101278030|0,240.0,Très bon état - Reconditionné,16 Go,256 Go,Dell,Noir,"14""",1366 x 768
304.0,v1|186125741922|0,118.0,Occasion,4 Go,1 To,Toshiba,Noir,"17,1""",1366 x 768
305.0,v1|255566160494|0,369.0,Occasion,4 Go,1000 Go 1To,Panasonic,Argenté,"13,3""",1024 x 768
306.0,v1|186627852261|0,124.0,Occasion,5 Go,500 Go,HP,Argenté,"15,6""",1366 x 768
307.0,v1|365116706900|0,160.0,Occasion,8 Go,256 Go,HP,Noir,"15,6""",1366 x 768
308.0,v1|196853006929|0,240.0,Occasion,8 Go,256 Go,Dell,Noir,"14""",1366 x 768
309.0,v1|286212358144|0,209.9,Occasion,8 Go,256 Go,Lenovo,Noir,"14""",2560 x 1440
310.0,v1|196795984347|0,180.0,Occasion,8 Go,256 Go,Lenovo,Noir,"14""",1920 x 1080
311.0,v1|196861150804|0,600.0,Occasion,16 Go,256 Go,HP,Gris,"17""",1920 x 1080
312.0,v1|296824850205|0,159.0,Occasion,8 Go,500 Go,HP,Noir,"14""",1366 x 768
313.0,v1|196892064245|0,190.0,Occasion,8 Go,256 Go,Dell,Noir,"14""",1920 x 1080
314.0,v1|135150375444|0,219.0,Occasion,8 Go,256 Go,Microsoft,Noir,"13,5""",2256 x 1504
315.0,v1|315783171086|0,189.0,Occasion,8 Go,256 Go,Dell,Noir,"12,5""",1366 x 768
317.0,v1|387459113679|0,152.64,Occasion,DDR4 SDRAM SO-DIMM,512 Go,Dell,Noir,"13,3 Zoll (33,8 cm)",1920x1080
318.0,v1|196885994845|0,200.0,Occasion,8 Go,256 Go,Lenovo,Noir,"14""",1366 x 768
319.0,v1|335431152821|0,409.0,Occasion,8 Go,1 To,Lenovo,Noir,"15,6""",1920 x 1080
320.0,v1|196822637628|0,140.0,Occasion,4 Go,128 Go,Toshiba,Noir,"13,3""",1920 x 1080
322.0,v1|196855343887|0,450.0,Occasion,16 Go,256 Go,HP,Gris,"15""",1920 x 1080
323.0,v1|266236708109|0,169.0,Occasion,2 Go,64 Go,Dell,Noir,"10,8""",1920 x 1080
324.0,v1|285912635945|0,209.9,Occasion,8 Go,256 Go,Panasonic,Noir/Gris,"10""",1920 x 1080
326.0,v1|196861621310|0,250.0,Occasion,8 Go,256 Go,Dell,Noir,"14""",1920 x 1080
327.0,v1|196825097354|0,260.0,Occasion,8 Go,256 Go,Lenovo,Noir,"12""",1920 x 1080
328.0,v1|196841294343|0,140.0,Occasion,8 Go,128 Go,Fujitsu,Noir,"14""",1366 x 768
329.0,v1|196866477281|0,210.0,Occasion,16 Go,256 Go,HP,Gris,"14""",1366 x 768
330.0,v1|196814431757|0,220.0,Occasion,8 Go,256 Go,Dell,Noir,"14""",1920 x 1080
331.0,v1|256702212983|0,229.0,Occasion,8 Go,256 Go,Apple,Argenté,"13""",2560 x 1600
332.0,v1|196870388393|0,180.0,Occasion,8 Go,512 Go,Dell,Noir,"14""",1366 x 768
333.0,v1|196795984342|0,180.0,Occasion,8 Go,256 Go,Lenovo,Noir,"12""",1366 x 768
334.0,v1|204845746904|0,129.99,Occasion,8 Go,240Go,Dell,Noir,"14""",1366 x 768
335.0,v1|267083089079|0,420.0,Occasion,16 Go,15 Go,Apple,Gris,"15""",2880 x 1800
336.0,v1|196841294339|0,150.0,Occasion,8 Go,128 Go,Fujitsu,Noir,"14""",1366 x 768
337.0,v1|196794615324|0,330.0,Occasion,8 Go,500 Go,Dell,Argenté,"14""",1920 x 1080
338.0,v1|196736353885|0,140.0,Occasion,8 Go,128 Go,Dell,Noir,"15""",1366 x 768
339.0,v1|196870388397|0,180.0,Occasion,8 Go,512 Go,Dell,Noir,"14""",1366 x 768
340.0,v1|296824848133|0,199.0,Occasion,8 Go,1 To,ASUS,Noir,"17,3""",1600 x 900
341.0,v1|196795190395|0,240.0,Occasion,8 Go,256 Go,Lenovo,Noir,"15""",1920 x 1080
342.0,v1|196869991138|0,350.0,Occasion,16 Go,256 Go,Dell,Noir,"14""",1920 x 1080
343.0,v1|205083701709|0,199.99,Très bon état - Reconditionné,8 Go,256 Go,Dell,Noir,"14""",1920 x 1080
344.0,v1|355826760157|0,219.0,Occasion,16 Go,256 Go,Dell,Gris,"14""",1366 x 768
346.0,v1|186766253296|0,135.0,Occasion,4 Go,500 Go,HP,Noir,"15,6""",1366 x 768
347.0,v1|196841294346|0,170.0,Occasion,8 Go,256 Go,Fujitsu,Noir,"14""",1366 x 768
348.0,v1|364355831997|0,160.0,Occasion,8 Go,256 Go,Lenovo,Noir,"14""",1920 x 1080
349.0,v1|267075561533|0,369.0,Occasion,4 Go,240Go,Panasonic,Argenté,"13,3""",1024 x 768
350.0,v1|196879404447|0,390.0,Occasion,8 Go,256 Go,Lenovo,Gris,"15""",1366 x 768
351.0,v1|266219125056|0,129.99,Occasion,8 Go,128 Go,Dell,Argenté,"12,5""",1366 x 768
352.0,v1|196814431753|0,260.0,Occasion,8 Go,256 Go,Dell,Noir,"15,6""",1366 x 768
353.0,v1|354831949311|0,210.0,Occasion,8 Go,256 Go,HP,Gris,"14""",1920 x 1080
354.0,v1|256746291891|0,112.0,Occasion,10 Go,500 Go,Apple,Argenté,"13""",1280 x 800
355.0,v1|256648360977|0,369.0,Occasion,8 Go,250 Go,Panasonic,Argenté,"13,3""",1024 x 768
356.0,v1|186588819921|0,189.0,Occasion,8 Go,0,HP,Noir,"14""",1366 x 768
357.0,v1|186737846919|0,159.0,Occasion,8 Go,0,HP,Argenté,"13,3""",nn
359.0,v1|186080670188|0,199.0,Occasion,8 Go,512 Go,Lenovo,Noir,12,1920x1080
362.0,v1|196861200605|0,250.0,Occasion,8 Go,256 Go,Dell,Gris,"14""",1920 x 1080
364.0,v1|267088829244|0,125.0,Occasion,4 Go,,HP,Noir,"15,6""",1366 x 768
365.0,v1|276018079058|0,349.99,Occasion,8 Go,256 Go,Lenovo,Noir,"13,3""",1920 x 1080
366.0,v1|186742516901|0,159.0,Occasion,8 Go,0,HP,Gris,13.3,nn
367.0,v1|196861245620|0,260.0,Occasion,8 Go,256 Go,Dell,Gris,"14""",1920 x 1080
368.0,v1|186822218127|0,899.99,Occasion,16 Go,512 Go,Acer,Noir,"15,6""",1920 x 1080
369.0,v1|196825194942|0,290.0,Occasion,16 Go,256 Go,Dell,Gris,"14""",1920 x 1080
370.0,v1|196794615348|0,200.0,Occasion,8 Go,256 Go,Fujitsu,Gris,"13""",1366 x 768
371.0,v1|196848867952|0,130.0,Occasion,8 Go,128 Go,Dell,Noir,"14""",1366 x 768
373.0,v1|196760498715|0,320.0,Occasion,8 Go,256 Go,Acer,Bleu,"13""",2256 X 1504
374.0,v1|356059112601|0,449.0,Très bon état - Reconditionné,16 Go,256 Go,HP,Argenté,"15,6""",1366 x 768
375.0,v1|196861621309|0,270.0,Occasion,8 Go,256 Go,Dell,Noir,"14""",1920 x 1080
376.0,v1|146158592186|0,379.0,Occasion,32 Go,512 Go,Dell,Gris,"15,6""",1920 x 1080
377.0,v1|196873216438|0,240.0,Occasion,8 Go,256 Go,Lenovo,Noir,"12""",1366 x 768
378.0,v1|196873216445|0,240.0,Occasion,8 Go,256 Go,Lenovo,Noir,"12""",1366 x 768
379.0,v1|235792333106|0,100.0,Occasion,4 Go,500 Go,Dell,Noir,"15,6""",1366 x 768
380.0,v1|196876772801|0,250.0,Occasion,8 Go,256 Go,Dell,Noir,"14""",1920 x 1080
381.0,v1|196853006928|0,240.0,Occasion,8 Go,1 To,Acer,Noir,"14""",1920 x 1080
382.0,v1|186683802432|0,140.0,Occasion,4 Go,750 Go,HP,Noir,"17,3""",1600 x 900
383.0,v1|326234201109|0,219.0,Occasion,8Go,256Go SSD,HP,Silver,"13.3"" Tactile",titre
384.0,v1|285102336522|0,299.0,État correct - Reconditionné,8 Go,256 Go,Lenovo,Noir,"12,5""",1366 x 768
385.0,v1|156569654767|0,279.0,Occasion,8 Go,Aucun,HP,Argenté,"17,3""",1920 x 1080
386.0,v1|196794615341|0,270.0,Occasion,8 Go,256 Go,Dell,Gris,"14""",1920 x 1080
387.0,v1|196861621311|0,250.0,Occasion,8 Go,256 Go,Dell,Noir,"14""",1920 x 1080
388.0,v1|196817994505|0,190.0,Occasion,8 Go,256 Go,Dell,Noir,"14""",1920 x 1080
389.0,v1|196795984456|0,300.0,Occasion,16 Go,512 Go,Lenovo,Noir,"14""",1920 x 1080
390.0,v1|267084558539|0,358.76,Occasion,8 Go,500 Go,HP,Noir,"15,6""",1920 x 1080
391.0,v1|296169993413|0,239.52,Occasion,8 Go,256 Go,Dell,Noir,39.6cm,1920 x 1080
392.0,v1|186734825333|0,135.0,Occasion,4 Go,500 Go,Dell,Noir,"17,3""",1600 x 900
393.0,v1|196873216442|0,240.0,Occasion,8 Go,256 Go,Lenovo,Noir,"12""",1366 x 768
394.0,v1|196874768930|0,300.0,Occasion,8 Go,256 Go,Acer,Noir,"15""",1920 x 1080
396.0,v1|196877225722|0,500.0,Occasion,16 Go,1 To,Dell,Gris,"15""",1920 x 1080
397.0,v1|196866477285|0,250.0,Occasion,8 Go,256 Go,Lenovo,Noir,"14""",1366 x 768
398.0,v1|364906768214|0,280.0,Occasion,8 Go,256 Go,HP,Argenté,"15,6""",1920 x 1080
399.0,v1|186068738821|0,219.0,Occasion,8 Go,0,Lenovo,Noir,12,1920x1080
400.0,v1|235730227738|0,95.0,Occasion,6 Go,256 Go,HP,Noir,"15,6""",1366 x 786
401.0,v1|196876772797|0,200.0,Occasion,8 Go,256 Go,Dell,Noir,"15,6""",1366 x 768
402.0,v1|196853006919|0,190.0,Occasion,8 Go,256 Go,HP,Gris,"14""",1366 x 768
403.0,v1|326202700678|0,105.0,Occasion,4 Go,5 Go,Toshiba,Noir,"13""",1366 x 768
404.0,v1|356179106433|0,399.0,Parfait état - Reconditionné,32 Go,256 Go,Dell,Noir,"15,6""",1920 x 1080
406.0,v1|286150334703|0,199.9,Occasion,8 Go,256 Go,Panasonic,Noir,"12,5""",1920 x 1080
407.0,v1|196795984325|0,270.0,Occasion,16 Go,256 Go,Lenovo,Noir,"14""",1920 x 1080
408.0,v1|267013466442|0,220.0,Occasion,8Go,256 Go,Dell,Silver,"13.3""",1366 * 768
409.0,v1|116398346189|416677263529,128.95,Occasion,4 Go,256 Go,Panasonic,Argent,25.7cm,1920 x 1080
410.0,v1|116414433110|0,180.0,Occasion,8 Go,1 To,Lenovo,Gris,"17,3""",1600 x 900
411.0,v1|266852096206|0,399.0,Occasion,8 Go,256 Go,Panasonic,Argenté,"10,1""",1920 x 1200
413.0,v1|305815340121|0,75.0,Occasion,3 Go,250 Go,Lenovo,Noir,"15""",1024 x 768
414.0,v1|116170027248|0,599.0,Occasion,16 Go,16 Go,Apple,Gris Sidéral,"15,4""",2880 x 1800
415.0,v1|186811492293|0,310.0,Occasion,16 Go,512 Go,Lenovo,Gris,"15,6""",1920 x 1080
416.0,v1|296824850392|0,159.0,Occasion,8 Go,500 Go,Toshiba,Noir,"17,3""",1600 x 900
417.0,v1|326306395912|0,290.0,Occasion,16 Go,256 Go,HP,Gris,"15,6""",1920 x 1080
418.0,v1|196870388399|0,250.0,Occasion,16 Go,500 Go,HP,Gris,"13""",1366 x 768
419.0,v1|335381796703|0,119.9,Occasion,4 Go,0,Lenovo,Noir,"14,1""",nn
420.0,v1|196834562545|0,280.0,Occasion,8 Go,256 Go,Acer,Bleu,"14""",1920 x 1080
421.0,v1|365107141349|0,490.0,Occasion,16 Go,256 Go,Dell,Noir,"12""",1920 x 1080
422.0,v1|186403522186|0,135.0,Occasion,6 Go,6 Go,Toshiba,Argenté,"17,3""",1440 x 900
423.0,v1|266609136395|0,599.0,Occasion,4 Go,500 Go,Panasonic,Argenté,"13,3""",1024 x 768
424.0,v1|276348412950|0,689.99,Occasion,32 Go,1 To,Lenovo,Noir,"14""",1920 x 1080
425.0,v1|196795984322|0,350.0,Occasion,8 Go,256 Go,Dell,Noir,"15""",1920 x 1080
426.0,v1|285665028710|0,299.9,Occasion,8 Go,1000 go,Lenovo,Noir,"13,3""",1920 x 1080
427.0,v1|335605348465|0,500.0,Occasion,16 Go,1 To,HP,Noir,"17,3""",1920 x 1080
428.0,v1|296824846742|0,169.0,Occasion,8 Go,1 To,ASUS,Marron,"17,3""",1600 x 900
429.0,v1|365141375131|0,550.0,Occasion,16 Go,512 Go,HP,Argenté,"14""",1920 x 1280
431.0,v1|266903981950|0,349.0,Occasion,16 Go,256 Go,Dell,Gris,"14""",1920 x 1080
432.0,v1|196879404449|0,270.0,Occasion,8 Go,256 Go,Lenovo,Noir,"14""",1920 x 1080
433.0,v1|196848867962|0,250.0,Occasion,8 Go,256 Go,Dell,Noir,"14""",1920 x 1080
434.0,v1|196763296580|0,387.23,Occasion,4 Go,,Sony,,,
435.0,v1|266756929289|0,659.0,Neuf,8 Go,128 Go,Panasonic,Argenté,"7""",1280 x 800
436.0,v1|296799792037|0,295.0,Occasion,16 Go,256 Go,Lenovo,Noir,14,1920x1080
437.0,v1|196838040590|0,299.0,Occasion,8 Go,512 Go,Dell,Gris,"14""",1366 x 768
438.0,v1|286212139171|0,249.99,Occasion,16 Go,256 Go,Lenovo,Noir,"14""",1920 x 1080
439.0,v1|196827764437|0,350.0,Occasion,16 Go,512 Go,Dell,Gris,"14""",1920 x 1080
440.0,v1|285653552248|0,269.9,Occasion,16 Go,256 Go,Lenovo,Noir,"14""",1366 x 768
441.0,v1|196838014030|0,299.0,Occasion,8 Go,512 Go,Dell,Gris,"14""",1366 x 768
442.0,v1|196855124780|0,390.0,Occasion,8 Go,256 Go,HP,Gris,"15""",1920 x 1080
443.0,v1|285792490848|0,769.9,Occasion,32 Go,512 Go,Lenovo,Noir,"15,6""",1920 x 1080
453.0,v1|196814431756|0,250.0,Occasion,8 Go,256 Go,Lenovo,Noir,"12,5""",1920 x 1080
454.0,v1|186692572562|0,189.0,Occasion,8,0,Dell,Noir,Nn,nn
455.0,v1|356179378194|0,529.0,Parfait état - Reconditionné,16 Go,256 Go,Dell,Noir,"15,6""",1920 x 1080
456.0,v1|256719186346|0,800.0,Occasion,16 Go,1 To,Apple,Gris,"13""",2560 x 1600
457.0,v1|196866477289|0,290.0,Occasion,16 Go,256 Go,Dell,Noir,"15""",1920 x 1080
458.0,v1|196866477307|0,290.0,Occasion,16 Go,256 Go,Dell,Noir,"15""",1920 x 1080
460.0,v1|196853006940|0,170.0,Occasion,8 Go,256 Go,HP,Gris,"14""",1366 x 768
461.0,v1|196763299419|0,348.4,Occasion,4 Go,128 Go,Sony,,11.6 in,
462.0,v1|364896073486|0,220.0,Occasion,8 Go,240 Go,Dell,Noir,"12,5""",1920 x 1080
464.0,v1|266532436336|0,589.0,Occasion,8 Go,512 Go,Panasonic,Argenté,"10,8""",1024 x 768
466.0,v1|196866477282|0,180.0,Occasion,8 Go,256 Go,HP,Gris,"14""",1366 x 768
467.0,v1|355947914959|0,225.0,Occasion,8 Go,256 Go,HP,Gris,"14""",1920 x 1080
468.0,v1|205010258491|0,199.99,Parfait état - Reconditionné,8 Go,256 Go,Dell,Noir,"14""",1920 x 1080
469.0,v1|285607701942|0,189.9,Occasion,8 Go,256 Go,Lenovo,Noir,"12,2""",1920 x 1200
470.0,v1|116384561694|0,480.0,Occasion,32 Go,512 Go,Dell,Argenté,"15,6""",1920 x 1080
471.0,v1|276609573577|0,689.99,Occasion,16 Go,512 Go,Lenovo,Beige,"14""",1920 x 1080
472.0,v1|296824851167|0,159.0,Occasion,8 Go,1 To,MSI,Noir,"15,6""",1366 x 768
473.0,v1|186702062347|0,169.0,Occasion,8 Go,0,Lenovo,Noir,15.6,NN
474.0,v1|256563901411|0,115.0,Occasion,3 Go,320 Go,HP,Noir,"11,6""",1366 x 768
475.0,v1|126802586682|0,765.89,Occasion,16 GB,512 Go,Microsoft,Noir,38.1cm,2496 x 1664
476.0,v1|196848867957|0,350.0,Occasion,8 Go,256 Go,Lenovo,Gris,"15""",1920 x 1080
477.0,v1|286180609257|0,75.0,Occasion,10 Go,10 Go,HP,Gris,"15,6""",1366 x 768
478.0,v1|196814431763|0,220.0,Occasion,8 Go,64 Go,HP,Argenté,"14""",1920 x 1080
479.0,v1|135230181676|0,99.95,Occasion,"1,5 Go",40 Go,Apple,Blanc,"12,1""",1024 x 768
480.0,v1|266682522601|0,179.99,Très bon état - Reconditionné,8 Go,250 Go,HP,Argenté,"12,5""",1366 x 768
481.0,v1|135387147197|0,549.0,Occasion,16 Go,512 Go,Microsoft,Gris,"13""",2496 x 1664
482.0,v1|186689798824|0,159.0,Occasion,8 Go,0,Lenovo,Noir,"14""",nn
483.0,v1|116400417452|416679322425,186.42,Occasion,4 Go,256 Go,Panasonic,Argent,25.7cm,1920 x 1080
484.0,v1|356059112680|0,299.0,Très bon état - Reconditionné,8 Go,256 Go,HP,Argenté,"15,6""",1366 x 768
485.0,v1|196794615320|0,220.0,Occasion,16 Go,256 Go,Dell,Noir,"14""",1920 x 1080
487.0,v1|356010494096|0,449.0,Occasion,8 Go,256 Go,Dell,Gris,"15,6""",1920 x 1080
488.0,v1|196866477279|0,270.0,Occasion,8 Go,256 Go,Dell,Gris,"13,3""",1920 x 1080
490.0,v1|186657989697|0,89.0,Occasion,2 Go,98Go,Dell,Gris,"15,4""",1024 x 768
491.0,v1|116419427010|0,270.0,Occasion,16 Go,256 Go,Dell,Argenté,"15,6""",1920 x 1080
492.0,v1|405420037745|0,820.0,Occasion,15 Go,475,ASUS,Noir,"17,3"" - 1920X1080",1920 x 1080
493.0,v1|196795984327|0,300.0,Occasion,16 Go,512 Go,Lenovo,Noir,"14""",1920 x 1080
494.0,v1|286152884026|0,749.0,Occasion,16 Go,1 To,MSI,Noir,"15,6""",1920 x 1080
495.0,v1|196870391020|0,199.0,Très bon état - Reconditionné,8 Go,8 Go,HP,Noir,"15.6""",1366 * 768
496.0,v1|196795984319|0,300.0,Occasion,16 Go,512 Go,Lenovo,Noir,"14""",1920 x 1080
497.0,v1|116419419703|0,215.0,Occasion,8 Go,256 Go,Dell,Gris,"13,3""",1920 x 1080
498.0,v1|126808995497|0,1217.28,Occasion,16 GB,512 Go,Dell,Argent,38.1cm,1920 x 1200
499.0,v1|404796566290|0,399.0,Occasion,8 Go,256 Go,Panasonic,Argenté,"10,1""",1920 x 1200
500.0,v1|196763506304|0,199.0,État correct - Reconditionné,8Go,256Go SSD,Dell,Noir,"14""",1366 x 768
501.0,v1|296824848831|0,169.0,Occasion,8 Go,640 Go,Sony,Blanc,"15,6""",1366 x 768
502.0,v1|326126340520|0,110.0,Occasion,6 Go,10 Go,Acer,Noir,"15,6""",1366 x 768
503.0,v1|196853006933|0,200.0,Occasion,8 Go,256 Go,Lenovo,Noir,"14""",1366 x 768
504.0,v1|116419413933|0,250.0,Occasion,16 Go,512 Go,Dell,Gris,"15,6""",1920 x 1080
505.0,v1|186766301901|0,147.0,Occasion,4 Go,500 Go,ASUS,Noir,"17,3""",1600 x 900
506.0,v1|285665029202|0,249.9,Occasion,8 Go,512 Go,Lenovo,Noir,"14""",1920 x 1080
507.0,v1|185523397541|0,99.0,Occasion,sans ram,sans ssd,Dell,Noir,"14""",1920 x 1080
509.0,v1|285316315583|0,129.9,Occasion,4 Go,256 Go,HP,Argenté,"12,5""",1366 x 768
511.0,v1|196707159359|0,249.99,Très bon état - Reconditionné,16Go,512Go SSD,Lenovo,Noir,"14""",titre
512.0,v1|256563857468|0,135.0,Occasion,2 Go,250 Go,Acer,Noir,"15,3""",1366 x 768
513.0,v1|286175037294|0,129.9,Occasion,8 Go,500 Go,Lenovo,Noir,"12,5""",1366 x 768
514.0,v1|356288695859|0,249.0,Parfait état - Reconditionné,8 Go,1 To,Dell,Gris,"14""",1366 x 768
515.0,v1|186709443743|0,189.0,Occasion,8 Go,0,Dell,Noir,Nn,no
516.0,v1|256162782958|0,349.0,Occasion,4 Go,256 Go,Panasonic,Argenté,"10,1""",1920 x 1200
517.0,v1|186688710485|0,179.0,Occasion,8,0,elitebook 840 g1,Noir,Nn,nn
518.0,v1|196747836352|0,250.0,Occasion,8 Go,256 Go,Lenovo,Noir,"14""",1366 x 768
519.0,v1|126752057533|0,469.0,Occasion,8 Go,750 Go,Acer Nitro 5,Noir,"15,6""",1920 x 1080
521.0,v1|196855212134|0,320.0,Occasion,8 Go,256 Go,HP,Gris,"15""",1920 x 1080
522.0,v1|356339839116|0,1190.0,Occasion,16 Go,256 Go,Dell,Gris,"15,6""",1920 x 1080
523.0,v1|335442082089|0,922.96,Ouvert (jamais utilisé),16GB,2 To,Sony,Blanc,39.6cm,1366 x 786
524.0,v1|196794615332|0,300.0,Occasion,16 Go,1 To,HP,Gris,"15""",1920 x 1080
525.0,v1|176677796847|0,119.0,Occasion,6 Go,6 Go,HP,Gris,"17,3""",1600 x 900
526.0,v1|176734479371|0,249.0,Occasion,8 Go,500 Go,Toshiba,Blanc,"17,3""",1600 x 900
527.0,v1|135229927290|0,349.0,Parfait état - Reconditionné,16 Go,500 Gb,HP,Noir,"14""",1920 * 1080
528.0,v1|335602226099|0,100.0,Occasion,8 Go,500 Go,Dell,Gris/Noir,"14""",1600 x 900
529.0,v1|296824847441|0,179.0,Occasion,8 Go,500 Go,Acer,Rouge,"15,6""",1366 x 768
531.0,v1|116419413934|0,375.0,Occasion,32 Go,512 Go,Dell,Argenté,"15,6""",1920 x 1280
532.0,v1|196747836357|0,250.0,Occasion,8 Go,256 Go,Lenovo,Noir,"14""",1366 x 768
533.0,v1|226447273537|0,600.0,Occasion,8 Go,256 Go,Panasonic,Noir/Gris,"10""",1920 x 1080
534.0,v1|267078528297|0,79.0,Occasion,1 Go,80 Go,IBM,Noir,"14""",1024 x 768
536.0,v1|126802586434|0,1297.52,Occasion,16 GB,512 Go,Apple,Argent,35.6cm,3024 x 1964
538.0,v1|186694480701|0,200.0,Occasion,4 Go,160 Go,Panasonic,Noir,12.1,nn
541.0,v1|356336905509|0,1390.0,Occasion,16 Go,500 Go,Dell,Gris,"15,6""",1920 x 1080
542.0,v1|364874180739|0,230.0,Occasion,8 Go,8 Go,Dell,Noir,"15,6""",1920 x 1080
543.0,v1|196870415480|0,199.0,État correct - Reconditionné,8GO,240 Go,Lenovo,Noir,"12""5",1366 x 768
544.0,v1|285688650227|0,349.9,Occasion,16 Go,256 Go,Lenovo,Noir,"15""",1920 x 1080
545.0,v1|267004136668|0,199.99,Parfait état - Reconditionné,8 Go,256 Go,Dell,Noir,"14""",1920 x 1080
546.0,v1|365107321134|0,250.0,Occasion,8 Go,256 Go,HP,Argenté,"15""",1366 x 768
547.0,v1|156405694186|0,193.7,Occasion,4 Go,256 Go,HP,Grey,"14""",1366 x 768
548.0,v1|116419427006|0,175.0,Occasion,16 Go,256 Go,Dell,Noir,"13,3""",1920 x 1080
549.0,v1|387459255508|0,62.4,Occasion,DDR3 SDRAM SO-DIMM,256 Go,Dell,Noir,"14 Zoll (35,6 cm)",1920 x 1080
550.0,v1|316045750727|0,1600.0,Occasion,16 Go,1 To,Alienware,Blanc,"15,6""",1920 x 1080
551.0,v1|196876944909|0,189.0,Très bon état - Reconditionné,8Go,256Go SSD,Lenovo,Noir,"14""",titre
552.0,v1|196736353886|0,180.0,Occasion,8 Go,256 Go,HP,Noir,"15""",1920 x 1080
553.0,v1|235846030813|0,120.0,Occasion,4 Go,128 Go,ASUS,Bleu,"11,6""",1366 x 768
555.0,v1|365107092113|0,189.0,Occasion,4 Go,240 Go,HP,Noir,"13,3""",1366 x 768
556.0,v1|285834160829|0,279.9,Occasion,8 Go,256 Go,Lenovo,Noir,"14""",2560 x 1440
557.0,v1|196795984339|0,300.0,Occasion,16 Go,512 Go,Lenovo,Noir,"14""",1920 x 1080
558.0,v1|365156922880|0,320.0,Occasion,8 Go,256 Go,HP,Argenté,"15""",1920 x 1080
559.0,v1|196827764444|0,290.0,Occasion,16 Go,256 Go,Dell,Noir,"15""",1920 x 1080
560.0,v1|285784211452|0,199.9,Occasion,8 Go,512 Go,Lenovo,Noir,"12,5""",1920 x 1080
562.0,v1|135232204946|0,349.0,Très bon état - Reconditionné,16 Go,512 Go,HP,Argenté,"13,3""",1920 x 1080
563.0,v1|387639598240|0,650.0,Ouvert (jamais utilisé),16 Go,512 Go,Acer,Noir,"17,3""",1920 x 1080
564.0,v1|196629526934|0,189.0,Très bon état - Reconditionné,16go,256Go SSD,Dell,Noir,"14""",1366 x 768
565.0,v1|146040700026|0,540.32,Occasion,8 Go,1 TB,Sony,Noir,15.5 in,1920 x 1080
566.0,v1|285668453373|0,369.9,Occasion,16 Go,256 Go,Lenovo,Noir,"15""",1920 x 1080
567.0,v1|167031810757|0,89.0,Occasion,4 Go,,HP,Noir,"17,3""",1600 x 900
568.0,v1|196837568160|0,240.0,Occasion,8 Go,256 Go,Dell,Noir,"15""",1920 x 1080
569.0,v1|335589305295|0,5.99,Neuf,Type Régulier,Type Régulier,- Sans marque/Générique -,Type régulier,Type régulier,Regular
571.0,v1|196827764435|0,300.0,Occasion,16 Go,256 Go,Dell,Noir,"15""",1920 x 1080
572.0,v1|186454433305|0,179.0,Occasion,8 Go,500 Go,HP,Argenté,"15,6""",nn
574.0,v1|196853006924|0,180.0,Occasion,8 Go,256 Go,HP,Gris,"14""",1366 x 768
575.0,v1|176709996735|0,249.0,Occasion,8 Go,512 Go,HP,Gris,"13""",1920 x 1080
576.0,v1|196855142652|0,390.0,Occasion,8 Go,256 Go,HP,Gris,"15""",1920 x 1080
579.0,v1|166987338734|0,2500.0,Neuf,32 Go,2x DDR5 SO-DIMM slots 2x M.2 PCIe,ASUS,Noir,"18,4""",2560 x 1600
580.0,v1|196853006921|0,190.0,Occasion,8 Go,256 Go,HP,Gris,"14""",1366 x 768
581.0,v1|196873216444|0,250.0,Occasion,8 Go,256 Go,Lenovo,Noir,"14""",1920 x 1080
582.0,v1|185889939710|0,120.0,Occasion,4 Go,500 Go,Toshiba,Noir,"17,3""",1600 x 900
583.0,v1|356079148470|0,289.0,Occasion,8 Go,256 Go,Dell,Gris,"14""",1920 x 1080
585.0,v1|395971001725|0,449.9,Occasion,16 Go,1 To,Acer,Noir,"15,6""",1920 x 1080
588.0,v1|196841294349|0,180.0,Occasion,8 Go,256 Go,Fujitsu,Noir,"14""",1366 x 768
589.0,v1|356059112640|0,199.0,Parfait état - Reconditionné,256 Go,256 Go,Dell,Noir,"14""",1366 x 768
590.0,v1|196848867961|0,240.0,Occasion,8 Go,256 Go,Lenovo,Noir,"12""",1366 x 768
591.0,v1|356086420604|0,249.0,Occasion,8 Go,256 Go,HP,Gris,"14""",1920 x 1080
593.0,v1|276552907634|0,339.99,Occasion,16 Go,512 Go,Lenovo,Noir,"14""",1920 x 1080
595.0,v1|196843660533|0,145.0,Occasion,8 Go,128 Go,Fujitsu,Noir,"14""",1366 x 768
596.0,v1|196841294340|0,150.0,Occasion,8 Go,128 Go,Fujitsu,Noir,"14""",1366 x 768
599.0,v1|285613593640|0,399.9,Occasion,32 Go,256 Go,Lenovo,Noir,"15,6""",1366 x 768
600.0,v1|196795489434|0,250.0,Occasion,8 Go,256 Go,Dell,Gris,"13""",1920 x 1080
601.0,v1|285240198775|0,249.9,Occasion,8 Go,256 Go,HP,Argenté,"14""",1366 x 768
602.0,v1|186617445642|0,127.0,Occasion,4 Go,500 Go,HP,Noir,"17,3""",1600 x 900
603.0,v1|355947906642|0,210.0,Occasion,8 Go,256 Go,HP,Multicouleur,"14""",1920 x 1080
604.0,v1|196841294342|0,240.0,Occasion,8 Go,256 Go,Fujitsu,Argenté,"13""",1366 x 768
605.0,v1|285652242444|0,249.9,Occasion,16 Go,256 Go,Dell,Noir,"13,3""",1920 x 1080
606.0,v1|286200710043|0,289.9,Occasion,16 Go,256 Go,HP,Argenté,"13,3""",1920 x 1080
607.0,v1|196817994502|0,220.0,Occasion,8 Go,256 Go,Dell,Noir,"15,6""",1920 x 1080
608.0,v1|196817994498|0,180.0,Occasion,8 Go,256 Go,HP,Gris,"14""",1366 x 768
609.0,v1|326217032182|0,70.0,Occasion,2 Go,250 Go,Apple,Blanc,"13""",1280 x 800
610.0,v1|167094569764|0,43.43,Occasion,4 Go,120 Go,HP,Noir,43.9cm,1600 x 900
611.0,v1|387364708725|0,629.19,Ouvert (jamais utilisé),8 Go,512 Go,Acer,Argent,"17,3 Zoll",1920 x 1080
612.0,v1|196877250027|0,429.0,Très bon état - Reconditionné,32Go,512Go SSD M2,Lenovo,Noir,"14""",1920x1080
613.0,v1|196747836355|0,210.0,Occasion,8 Go,256 Go,Dell,Noir,"14""",1366 x 768
614.0,v1|196877282657|0,319.0,Très bon état - Reconditionné,16Go,512Go SSD,Lenovo,Noir,13.3,1920 * 1080
,v1|235873553946|0,75.0,Occasion,4 Go,64 Go,HP,Blanc,"14,1""",1366 x 768
,v1|196734300513|0,129.0,État correct - Reconditionné,8Go,HD 620,Panasonic,Noir,"12"" LED 2160 * 1440",titre
,v1|167177154601|0,250.0,Neuf,8 Go,0,ASUS,Noir,"12,1""",1366 x 768
,v1|296880777536|0,125.0,Occasion,4 Go,64 Go,ASUS,Noir,"14""",1366 x 768
,v1|387718017437|0,250.0,Occasion,32Go,1 To,Dell,Noir,17.3,1920 * 1080
,v1|126785786202|0,70.58,Neuf,2 Go,16 Go,KLIPAD,Gris,"10,1""",1280 x 800
,v1|226499619874|0,85.0,Occasion,8 Go,128 Go,Dell,Noir,"14,1""",1366 x 768
,v1|296880856795|0,665.0,Neuf,16 Go,512 Go,Dell,Gris,"14""",1920 x 1080
,v1|116392516015|0,160.0,Occasion,4 Go,256 Go,Dell,Gris,"13,3""",1920 x 1080
,v1|365285359573|0,199.99,Occasion,8 Go,256 Go,ASUS,Royal Blue,"13,3""",1920 x 1080
,v1|276780481098|0,400.0,Occasion,512 Go,512 Go,ASUS,Noir,"14""",1920 x 1080
,v1|335732434998|0,700.0,Occasion,8Go,512 Go,Apple,Doré,"13""",2560x1600
,v1|116419039017|0,225.0,Occasion,12 Go,1 To,HP,Gris,"17""",1600 x 900
,v1|176738106689|0,49.0,Occasion,4 Go,160 Go,Toshiba,Blanc,"15,6""",1366 x 768
,v1|387691637890|0,199.0,Occasion,8 Go,256 Go,Apple,Argenté,"13""",1280 x 800
,v1|256684591466|0,130.0,Occasion,8 Go,500 Go,Dell,Gris,"14,1""",1280 x 800
,v1|365286926846|0,300.0,Occasion,8 Go,1 To,Huawei,Gris,"13,3""",2160 x 1440
,v1|186844480154|0,229.99,Occasion,8 Go,5 Go,HP,Argenté,"14""",1920 x 1080
,v1|116421215250|0,255.0,Occasion,16 Go,256 Go,dell précision,Gris,"15,6""",1920 x 1080
,v1|365056993606|0,260.0,Occasion,8 Go,256 Go,HP,Argenté,"12,3""",1920 x 1080
,v1|305229521439|0,289.0,Occasion,16 Go,256 Go,Toshiba,Argenté,"13,3""",1920 x 1080
,v1|267087642772|0,140.0,Occasion,128 Mo,,HP,Anthracite,"13,1""",1024 x 768
,v1|356179633850|0,249.0,Parfait état - Reconditionné,16 Go,480Go,Dell,Noir,"15,6""",1366 x 768
,v1|356187637609|0,260.0,Ouvert (jamais utilisé),4 Go,128 Go,Lenovo,Gris,"15,6""",1366 x 768
,v1|305976941186|0,199.99,Occasion,16 Go,1 To,Acer,noire blanc,"17,3""",1600 x 900
,v1|286207414953|0,299.0,Très bon état - Reconditionné,8 Go,SSD 512,HP,Argent,"13.3""",1920 x 1080
,v1|196872086538|0,349.0,Occasion,16 Go,250 Go,Apple,Silver,"13.3""",2560 * 1600
,v1|146267578775|0,260.0,Occasion,8 Go,256 Go,Lenovo,Noir,"13""",1920 x 1080
,v1|135370745450|0,90.0,Occasion,6 Go,500 Go,Lenovo,Noir,"15,6""",1360 x 768
,v1|405419221835|0,125.0,Occasion,8 Go,1 To,HP,Gris,"17,3""",1600 x 900
,v1|356085617602|0,100.0,Occasion,4 Go,0,HP,Rouge,"11,6""",1366 x 768
,v1|226428378278|0,240.0,Occasion,24 Go,512 Go,Lenovo,Noir,"14""",1920 x 1080
,v1|116421215252|0,350.0,Occasion,32 Go,256 Go,Dell,Gris,"15,6""",1920 x 1080
,v1|356348053529|0,350.0,Neuf,12 Go,512 Go,Lenovo,Gris,"17,3""",1600 x 900 pixels
,v1|286161207978|0,139.0,Occasion,8 Go,320 Go,Lenovo,Noir,"15,6""",1366 x 768
,v1|405386415478|0,146.22,Occasion,8 Go,500 Go,Lenovo,Noir,"14 Zoll (35,6 cm)",1600 x 900
,v1|286180567600|0,149.0,Occasion,4 Go,512 Go,Dell,Noir,"12,5""",1366 x 768
,v1|116404956865|416699248651,160.69,Occasion,8 Go,256 Go,Panasonic,Argent,25.7cm,1920 x 1080
,v1|405377369689|0,150.0,Occasion,3 Gb DDR2,250 Go,Acer,Noir,"16""",1366 x 768
,v1|196870562703|0,219.0,État correct - Reconditionné,16Go,256Go SSD,Dell,Noir,"14""",1366 x 768
,v1|126786081541|0,300.0,Occasion,16 Go,256 Go,Google,Gris,"12""",2496 x 1664
,v1|394684850608|0,239.0,Occasion,8 Go,256 Go,PRIMEINFO,Gris,"15,6""",1366 x 768
,v1|225833485498|0,75.0,Occasion,4 Go,500 Go,Acer,Noir,"15,6""",1366 x 768
,v1|405291511145|0,100.0,Occasion,16 Go,320 Go,Dell,Gris,"14""",1920 x 1080
,v1|305902778281|0,429.0,Occasion,16 Go,512 Go,Dell,Noir,"17,3""",1920 x 1080
,v1|205095968495|0,380.0,Occasion,16 Go,256 Go,Dell,Gris,"14""",1920 x 1080
,v1|116161792458|0,330.0,Ouvert (jamais utilisé),8Go,256 Go,HP,Argent,"12,3""",2736 x 1824 pixels
,v1|167037343954|0,119.0,Occasion,8 Go,250 Go Kioxa NEUF,TOSHIBA SATELLITE C875-10T,Blanc,"17,3""",1600 x 900
,v1|335731361703|0,74.0,Occasion,6 Go,500 Go,HP,Marron,"15,6""",1366 x 768
,v1|335519519130|0,400.0,Occasion,32 Go,256 Go,Acer,Noir,"15,6""",1920 x 1440
,v1|395940333121|0,206.0,Occasion,8 Go,256 Go,Intel,Argenté,"14""",1920 x 1080
,v1|316042991760|0,150.0,Occasion,6 Go,1 To,Intel,Gris,"15,6""",1920 x 1080
,v1|166870625066|0,59.9,Occasion,8 Go,Aucun,Acer,Noir,"17,3""",1 600 x 900 (HD)
,v1|256563891324|0,140.0,Occasion,4 Go,500 Go,HP,Noir,"15,3""",1366 x 768
,v1|316045031131|0,249.0,Parfait état - Reconditionné,8 Go,256 Go,Dell,Noir,"14""",1920 x 1080
,v1|256563907510|0,235.0,Occasion,4 Go,500 Go,HP,Gris,"13,3""",1366 x 768
,v1|335731192211|0,140.0,Occasion,8 Go,240Go,Lenovo,Noir,"12,5""",1366 x 768
,v1|126801894436|0,150.0,Occasion,4 Go,512 Go,Acer,Noir,"16""",1366 x 768
,v1|146239149376|0,149.99,Neuf,4 Go,64 Go,Lenovo,Gris,"14""",1366 x 768
,v1|276775420012|0,400.0,Occasion,8 Go,256 Go,Dell,Noir,"14""",1920 x 1080
,v1|156532184214|0,554.61,Occasion,16384,512 Go,Dell,Noir,14 Zoll,1920 x 1080
,v1|276013749985|0,479.99,Occasion,16 Go,1 To,Lenovo,Noir,"14""",1920 x 1080
,v1|395305695984|0,500.0,Occasion,16 Go,512 Go,Acer,Noir,"17,3""",1920 x 1080
,v1|186782769717|0,90.0,Occasion,2 Go,250 Go,Acer,Bleu,"17,3""",1600x900
,v1|387432404002|0,350.0,Occasion,16 Go,1 To,ASUS,Multicouleur,"15,6""",1920 x 1080
,v1|316044954200|0,249.0,Parfait état - Reconditionné,8 Go,256 Go,Dell,Noir,"14""",1920 x 1080
,v1|126827410839|0,320.0,Occasion,16 Go,1 To,ASUS,noir et rouge,"17,3""",1920 x 1080
,v1|315997601044|0,978.0,Neuf,16 Go,512 Go,Samsung,Argenté,"14""",2880 x 1800
,v1|126682825036|0,179.0,Occasion,8 Go,256 Go,Dell,Noir,"12,5""",1920 x 1280
,v1|394864419414|0,499.0,Neuf,8 Go,512 Go,Lenovo,Noir,"15,6""",1920 x 1280
,v1|126682825156|0,95.95,Occasion,8 Go,128 Go,Dell,Noir,"14""",1366 x 768
,v1|356357749677|0,120.0,Occasion,4 Go,1000 Go,Packard Bell,Noir,"15,6""",1366 x 768
,v1|256563922744|0,149.99,Occasion,4 Go,320 Go,Lenovo,Noir,"15,7""",1366 x 768
,v1|196892064247|0,170.0,Occasion,8 Go,256 Go,Dell,Noir,"15,6""",1366 x 768
,v1|146187815359|0,799.0,Occasion,16 Go,512 Go,HP,Noir,"15,6""",1920 x 1080
,v1|176738100797|0,149.0,Occasion,8 Go,1 To,Acer,Noir,"17,3""",1600 x 900
,v1|135387215449|0,249.0,Occasion,8 Go,256 Go,Microsoft,Noir,"13,5""",2256 x 1504
,v1|256558079675|0,99.0,Neuf,4 Go,240Go,Lenovo,Noir,"12,1""",1366 x 768
,v1|326373488192|0,75.0,Occasion,2 Go,160 Go,Apple,Blanc,"13,3""",1280 x 800
,v1|355826698999|0,419.0,Occasion,16 Go,500 Go,HP,Gris,"15,6""",1920 x 1080
,v1|365289845154|0,159.99,Occasion,8 Go,512 Go,Fujitsu,Noir,"15,6""",1366 x 768
,v1|235396336488|0,65.0,Occasion,4 Go,500 Go,Packard Bell,Noir,"15,6""",1360 x 768
,v1|256753011517|0,1560.36,Neuf,8 Go,256 Go,Apple,"Starlight, Silver, Space Grey, Midnight",13 in,2560 x 1600
,v1|285664159849|0,399.9,Occasion,16 Go,256 Go,Dell,Gris,"13,3""",1920 x 1080
,v1|196861270468|0,260.0,Occasion,8 Go,256 Go,Dell,Gris,"14""",1920 x 1080
,v1|186645471494|0,209.0,Occasion,8 Go,256,HP,Noir,"15,6""",nn
,v1|267091051103|0,650.0,Occasion,16 Go,512 Go,HP,Argenté,"15,6""",1920 x 1080
,v1|256662640605|0,80.0,Occasion,4 Go,250 Go,Lenovo,Noir,"14""",1366 x 768
,v1|134705463930|0,309.0,Très bon état - Reconditionné,16 Go,512 Go,Dell,Noir,"14""",1920 x 1080
,v1|196897393045|0,575.77,Occasion,32 Go,512 Go,Lenovo,Noir,"14""",1920 x 1080
,v1|276603216287|0,400.0,Occasion,8 Go,480 Go,Dell,Noir,"17,3""",1920 x 1080
,v1|186730158911|0,129.0,Occasion,8,0,Dell,Noir,Nn,no
,v1|116421215251|0,320.0,Occasion,32 Go,256 Go,Dell,Gris,"15,6""",1920 x 1080
,v1|395695475293|0,279.0,Occasion,16 Go,750 Go,HP,Gris,"13,1""",1920 x 1080
,v1|267091443807|0,699.0,Neuf,16 Go,512 Go,ASUS,Gris,"15,6""",2880 x 1620
,v1|285559545307|0,349.9,Occasion,8 Go,256 Go,HP,Argenté,"17,3""",1920 x 1080
,v1|196827764439|0,350.0,Occasion,16 Go,512 Go,Dell,Gris,"14""",1920 x 1080
,v1|285151122518|0,149.99,Occasion,4 Go,128 Go,Lenovo,Noir,"12""",2880 x 1920
,v1|387518724965|0,271.0,Occasion,8 Go,480Go,Apple,Argenté,27'',2560 x 1600
,v1|186845550109|0,169.0,Occasion,8 Go,0,Lenovo,Noir,"12,1""",nn
,v1|116401164133|416680136769,153.05,Occasion,4 Go,128 Go,Panasonic,Argent,25.7cm,1920 x 1080
,v1|256105466698|0,589.0,Occasion,4 Go,512 Go,Panasonic,Argenté,"10,8""",1920 x 1200
,v1|205043389591|0,349.0,Occasion,16,256 Go,Huawei,Gris,"14""",1920 x 1080
,v1|186458866652|0,189.0,Occasion,8 Go,0,Dell,Gris,"14""",nn
,v1|196665827534|0,249.0,État correct - Reconditionné,8 Go,512 Go,HP,Noir,"14""",1920 * 1080
,v1|116400417452|416679322426,164.54,Occasion,4 Go,256 Go,Panasonic,Argent,25.7cm,1920 x 1080
,v1|256563887341|0,125.0,Occasion,4 Go,500 Go,HP,Bleu Nuit,"15,3""",1366 x 768
,v1|285754148488|0,319.9,Occasion,8 Go,256 Go,Lenovo,Noir,"13,3""",1366 x 768
,v1|116419427005|0,265.0,Occasion,16 Go,512 Go,Dell,Argenté,"15,6""",1920 x 1280
,v1|315934277447|0,84.99,Occasion,2 Go,32 Go,Thomson,Blanc,"14""",1366 x 768
,v1|266178294730|0,439.0,Occasion,4 Go,512 Go,Panasonic,Argenté,"10,1""",1920 x 1080
,v1|285544694384|0,349.9,Occasion,8 Go,256 Go,Lenovo,Noir,"14""",1920 x 1080
,v1|276390509167|0,389.99,Occasion,16 Go,512 Go,Dell,Gris,"15""",1920 x 1080
,v1|276677566873|0,950.0,Occasion,8 Go,256 Go,Apple,Argenté,"13,6""",2560 x 1664
,v1|266175555590|0,149.99,État correct - Reconditionné,8 Go,480Go,Dell,Noir,"14""",1366 x 768
,v1|285149168073|0,259.9,Occasion,8 Go,128 Go,Lenovo,Noir,"13,3""",1920 x 1080
,v1|355826556107|0,399.0,Occasion,16 Go,500 Go,HP,Gris,"14""",1920 x 1080
,v1|186668310355|0,169.0,Occasion,8 Go,0,Dell,Noir,"13""",nn
,v1|267097210898|0,1500.0,Ouvert (jamais utilisé),16 Go,512 Go,Lenovo,Noir,"13""",2160 x 1350
,v1|135248251075|0,249.0,Occasion,16 Go,240 Go,HP,Noir,"15,6""",1920 x 1080
,v1|116420783856|0,109.99,Occasion,4 Go,500 Go,Dell,Noir,"14""",1366 x 768
,v1|145794366921|0,129.0,Occasion,1 Go,160 Go,Samsung,Bleu,"10""",1024 x 600
,v1|315880355442|0,229.0,Occasion,4 Go,64 Go,Microsoft,Argenté,"10""",1800 x 1200
,v1|285645129960|0,163.03,Occasion,8 Go,256 Go,Panasonic,Argent,25.7cm,1920 x 1200
,v1|155915642590|0,89.0,Occasion,2 Go,2 Go,ordissimo,Bleu,"14""",1366 x 768
,v1|196843660534|0,230.0,Occasion,16 Go,256 Go,Dell,Noir,"14""",1920 x 1080
,v1|196841294344|0,240.0,Occasion,8 Go,256 Go,Fujitsu,Argenté,"13""",1366 x 768
,v1|196877221868|0,349.0,Très bon état - Reconditionné,16Go,512Go SSD,Lenovo,Noir,13.3,1920 * 1080
,v1|196872166660|0,759.0,État correct - Reconditionné,32 Go,500 Go,Apple,Silver,"16""",3072 * 1920
,v1|286200322910|0,149.0,Occasion,4 Go,250 Go,Lenovo,Noir,"12.5""",1366 x 768
,v1|186276891215|0,100.0,Occasion,4 Go,240Go,ASUS,Noir,"14""",1366 x 768
,v1|226428377015|0,360.0,Occasion,32Go,512 Go,Lenovo,Noir,"14""",1920x1080
,v1|335292731936|0,250.0,Ouvert (jamais utilisé),8 Go,128 Go,Lenovo,Noir,"13,3""",1366 x 768
,v1|326369868792|0,499.0,Occasion,512 Go,512 Go,Huawei,Gris,"14""",1920 x 1080
,v1|285757619998|0,299.9,Occasion,8 Go,512 Go,Lenovo,Noir,"14""",1920 x 1080
,v1|276713300224|0,729.99,Occasion,32 Go,1 To,Lenovo,Noir,"14""",1920 x 1080
,v1|186701851189|0,144.0,Occasion,4 Go,500 Go,Toshiba,Noir,"17,3""",1600 x 900
,v1|186363403128|0,209.0,Occasion,8 Go,0,Dell,Noir,Nn,1920X1080
,v1|387445820542|0,199.99,Occasion,4 Go,200Go,Acer,Argenté,14,1920 x 1080
,v1|365189546153|0,390.0,Occasion,4 Go,128 Go,Samsung,Argenté,"12""",3840 x 2160
,v1|196848867966|0,320.0,Occasion,8 Go,500 Go,Dell,Noir,"15""",1366 x 768
,v1|196666275606|0,649.0,Très bon état - Reconditionné,32Go,256Go SSD,HP,Silver,17.3,1920 x 1080
,v1|126801895372|0,189.0,Occasion,8 Go,1 To,HP,Marron,"17,3""",1600 x 900
,v1|196872174062|0,449.0,Très bon état - Reconditionné,8 Go,250 Go,Apple,Silver,13.3,2560 x 1600
,v1|196874759040|0,300.0,Occasion,8 Go,256 Go,Acer,Noir,"15""",1920 x 1080
,v1|315934196224|0,49.99,Occasion,2 Go,160 Go,HP,Noir,"15,6""",1366 x 768
,v1|196385168765|0,269.0,Très bon état - Reconditionné,8 Go,128Go,Apple,Silver,"13.3""",1400 * 900
,v1|276684118267|0,749.99,Occasion,32 Go,1 To,Lenovo,Noir,"15""",1920 x 1080
,v1|375460076591|644402823754,14.95,Neuf,16 Go,2 To,- Sans marque/Générique -,Gris,"14,1""",1920 x 1080
,v1|405421999307|0,900.0,Neuf,8 Go,256 Go,HP,Argenté,"15,6""",1920 x 1080
,v1|265734116498|0,429.0,Occasion,4 Go,500 Go,Panasonic,Argenté,"10,8""",1024 x 768
,v1|235831847950|0,110.0,Occasion,8Go,128Go SSD,HP,Noir,14'',titre
,v1|186844126690|0,185.0,Occasion,4 Go,320 Go,Acer,voir descriptif,"15,6""",voir descriptif
,v1|186134468170|0,97.0,Occasion,4 Go,320 Go,ASUS,Noir,"15,6""",1366 x 768
,v1|156578637195|0,402.35,Occasion,16 GB,512 Go,Dell,Braun,14 Zoll,1920 x 1080
,v1|387536191716|0,530.0,Occasion,8 Go,256 Go,Apple,Gris,"13""",2560 x 1600
,v1|166869049409|0,129.9,Occasion,16 Go,Aucun,Samsung,Argenté et Noir,"17,3""",1390 x 900 (HD+)
,v1|186762711840|0,750.0,Ouvert (jamais utilisé),8 Go,256 Go,Dell,Gris,"13""",1920 x 1200
,v1|256099256524|0,559.0,Occasion,4 Go,512 Go,Panasonic,Argenté,"10,8""",1920 x 1200
,v1|196665704639|0,249.0,Très bon état - Reconditionné,8Go,256Go SSD,Dell,Noir,"14""",1920 * 1080
,v1|276771052752|0,1279.99,Occasion,16 Go,1 To,Dell,Gris,"13,4""",1920 x 1080
,v1|285741422612|0,549.9,Occasion,512 Go,512 Go,APPLE,Gris Sidéral / Space Grey,"15""",1 920 x 1 200
,v1|356342968124|0,358.82,Occasion,8 Go,128 Go,Sony,Noir,15.5 in,1920 x 1080
,v1|315531847030|0,800.0,Occasion,32 Go,1 To,ASUS,Noir,"17,3""",1920 x 1080
,v1|196877243627|0,399.0,Très bon état - Reconditionné,8 Go,240Go SSD,Lenovo,Noir,"14""",1920 * 1080
,v1|186768206889|0,133.0,Occasion,4 Go,320 Go,Lenovo,Noir,"15,6""",1366 x 768
,v1|196739861805|0,430.0,Occasion,128 Go,128 Go,Huawei,Anthracite,"12,6""",2560 x 1600
,v1|276551348858|0,145.0,Occasion,8 Go,512 Go,Lenovo,Noir,"14""",1920 x 1080
,v1|276690897256|0,71.83,Occasion,8 Go,500 Go,Lenovo,Noir,31.8cm,1366 x 768
,v1|196827764442|0,320.0,Occasion,16 Go,256 Go,Dell,Noir,"15""",1920 x 1080
,v1|265665167926|0,389.0,Occasion,4 Go,256 Go,Panasonic,Blanc,"10,8""",1024 x 768
,v1|145801797394|0,460.0,Occasion,16 Go,480 Go,ASUS,Gris,"17""",1600 x 900
,v1|185790605530|0,169.0,Occasion,8 Go,0,HP,Gris,14,Nn
,v1|176202524534|0,825.0,Ouvert (jamais utilisé),16 Go,512 Go,Xiaomi,Argenté,"16""",2560 x 1600
,v1|126810387254|0,958.88,Occasion,16 GB,1 To,Samsung,Graphite,40.6cm,2880 x 1800
,v1|405420921807|0,170.2,Occasion,8 Go,256 Go,Lenovo,Noir,12.5,1366 x 768
,v1|196843660531|0,240.0,Occasion,8 Go,256 Go,HP,Gris,"12,5""",1366 x 768
,v1|196848867960|0,350.0,Occasion,16 Go,512 Go,Dell,Gris,"14""",1920 x 1080
,v1|116061294982|0,399.0,Occasion,8 Go,256 Go,Apple,Gris,"13,3""",2560 x 1600
,v1|196295439750|0,219.0,Très bon état - Reconditionné,8Go,512Go SSD,Dell,Noir,"12""5",titre
,v1|156370362968|0,399.0,Occasion,16 Go,256 Go,Dell,Gris,"15,6""",1920 x 1080
,v1|284914367034|0,279.99,Occasion,8 Go,256 Go,Apple,Argenté,"13""",2560 x 1600
,v1|196794615344|0,240.0,Occasion,8 Go,256 Go,HP,Gris,"15""",1366 x 768
,v1|186204962651|0,149.0,Occasion,8 Go,500 Go,Lenovo,Noir,Nn,nn
,v1|296556034537|0,125.0,Occasion,8 Go,500 Go,ASUS,Noir,"15""",1366 x 768
,v1|196295437781|0,278.0,Très bon état - Reconditionné,256 Go,256 Go,HP,Noir,"14""",1920 * 1080
,v1|186753673917|0,750.0,Occasion,sans ram,sans ssd,Dell,Noir,"14""",1920 x 1080
,v1|365287578893|0,574.66,Occasion,32 Go,512 Go,Lenovo,Noir,"15,6 Zoll",1920 x 1080
,v1|405341788304|0,292.44,Occasion,16 GB,512 Go,Dell,Noir,"15,6 Zoll",1920 x 1080
,v1|196817994497|0,190.0,Occasion,8 Go,256 Go,HP,Gris,"15""",1366 x 768
,v1|186237614126|0,249.0,Occasion,8 Go,256 Go,Lenovo,Noir,"14""",1600 x 900
,v1|196841294347|0,250.0,Occasion,8 Go,256 Go,Dell,Noir,"14""",1920 x 1080
,v1|235773559654|0,355.0,Occasion,16Go,250Go SSD,Apple,Silver,"15.4""",2880 * 1800
,v1|196841294341|0,190.0,Occasion,8 Go,256 Go,Fujitsu,Noir,"14""",1366 x 768
,v1|255827150855|0,319.0,Occasion,4 Go,256 Go,Panasonic,Blanc,"10,8""",1024 x 768
,v1|364897883412|0,270.0,Occasion,8 Go,256 Go,HP,Argenté,"15,6""",1366 x 768
,v1|134946890883|0,10.0,Occasion,8 Go,000,ASUS,Noir,00,1920 x 1080
,v1|226170279505|0,89.0,Occasion,4 Go,Nean,Dell,Rouge,"15,6""",1366 x 768
,v1|285689158875|0,529.9,Occasion,16 Go,256 Go,Lenovo,Noir,"15""",1920 x 1080
,v1|387629444467|0,210.0,Occasion,16 Go,5 Go,Lenovo,Noir,"14""",1920 x 1080
,v1|356179356154|0,589.0,Parfait état - Reconditionné,16 Go,512 Go,Dell,Noir,"15,6""",1920 x 1080
,v1|196629484988|0,179.0,Très bon état - Reconditionné,8Go,256Go SSD,Dell,Noir,"14""",1366 x 768
,v1|135198855757|0,199.0,Occasion,8 Go,256 Go,Dell,Noir,"15,6""",1920 x 1080
,v1|186470367717|0,199.0,Occasion,8 Go,256 Go,HP,Noir,12.5,1366 x 768
,v1|186382465768|0,169.0,Occasion,8 Go,0,Lenovo,Noir,"14,1""",nn
,v1|226395226110|0,295.0,Occasion,24 Go,512 Go,Lenovo,Noir,"14""",1920x1080
,v1|286180760362|0,65.0,Occasion,4 Go,160 Go,AMD,Noir,"15,6""",1366 x 786
,v1|116419421705|0,350.0,Occasion,32 Go,512 Go,Dell,Gris,"15,6""",1920 x 1080
,v1|156391074356|0,135.0,Ouvert (jamais utilisé),2 Go,16 Go,Danew,Gris,"10,1""",1280 x 800
,v1|185887093842|0,90.0,Occasion,4 Go,320 Go,ASUS,Noir,"14""",1366 x 768
,v1|296242963193|0,233.84,Occasion,16 GB,512 Go,Dell,Noir,33.8cm,1366 x 768
,v1|305851242203|0,110.0,Occasion,6 Go,500 Go,ASUS,Marron,"17,3""",1600 x 900
,v1|375456791917|644399979030,24.95,Neuf,8 Go,256 Go,- Sans marque/Générique -,Gris,"14,1""",1920 x 1080
,v1|226349768227|0,230.0,Occasion,20Go,512 Go,Lenovo,Noir,"14""",1920x1080
,v1|355815809808|0,450.0,Occasion,8 Go,240 Go,Lenovo,Gris,14,1920 x 1080
,v1|126825257633|0,125.0,Occasion,8 Go,1 To,HP,Blanc,"15,6""",1366 x 768
,v1|196651888495|0,439.0,Très bon état - Reconditionné,32go,1To SSD,Dell,Noir,"14""",titre
,v1|256684992308|0,1399.0,Neuf,32 Go,1 To,ASUS,Gris,"15,6""",2880 x 1620
,v1|395397945864|0,179.0,Occasion,256 Go,256 Go,Dell,Noir,"14""",1920 x 1080
,v1|186179082188|0,110.0,Occasion,4 Go,500 Go,Fujitsu,Noir,"15,6""",1366 x 768
,v1|356253562579|0,900.0,Occasion,16 Go,2 To,CSL,Noir,"17,3""",1920 x 1080
,v1|126810386905|0,1560.46,Occasion,32 Go,512 Go,HP,Gris,40.6cm,1920 x 1200
,v1|305944186133|0,499.99,Occasion,16 Go,1 To,Lenovo,Gris,"14""",3840 x 2160
,v1|385586620740|0,600.0,Occasion,16 Go,512 Go,ASUS,Noir,"15,6""",1920 x 1080
,v1|186664875176|0,175.0,Occasion,16 Go,256 Go,Apple,Blanc,15.4,2880 x 1920
,v1|196308696419|0,399.0,État correct - Reconditionné,32Go,512Go SSD,HP,Noir,"14""",1920 * 1080
,v1|126793481305|0,130.0,Occasion,4 Go,64 Go,ASUS,Argenté,"14""",1366 x 768
,v1|387512166892|0,285.37,Occasion,16 Go,1 To,Apple,Argenté,"13""",2560 x 1600
,v1|364629666089|0,439.0,État correct - Reconditionné,8Go,128Go,Apple,Space Grey,"13""",2560x1600
,v1|186278595493|0,299.0,Occasion,12 Go,0,Lenovo,Noir,"15,6""",nn
,v1|196647869654|0,349.0,Très bon état - Reconditionné,16Go,512Go SSD,HP,Argent,13.3,1920 x 1080
,v1|167054403033|0,169.99,Neuf,2 Go,16 Go,Danew,Argenté,"10,1""",1280 x 800
,v1|176624868306|0,150.0,Occasion,8 Go,120 Go,Apple,Gris,"13,3""",1280 x 800
,v1|135436861351|0,1527.94,Ouvert (jamais utilisé),16 GB,512 Go,Dell,Gris,40.6cm,1920 x 1200
,v1|255429109879|0,789.0,Neuf,8 Go,512 Go,Panasonic,Argenté,"7""",1280 x 800
,v1|335654563068|0,100.0,Occasion,8 Go,Pas de disque mécanique,Dell,Gris/Noir,"12,5""",1366 x 768
,v1|405420291451|0,171.43,Occasion,16GB,Pas pertinent,Microsoft,Gris,12  Zoll,2160 x 1440
,v1|387363248691|0,500.0,Occasion,8 Go,"1,2 To",ASUS,Gris,"17,3""",1920 x 1080
,v1|196308695043|0,379.0,État correct - Reconditionné,32Go,256 Go,HP,Noir,"14""",1920 * 1080
,v1|405291699727|0,340.0,Neuf,8 Go,240Go,HP,Noir,"15,6""",1920 x 1080
,v1|315910560984|0,153.89,Occasion,4 Go,256 Go,Panasonic,Silver,12.1 in,2160 x 1440
,v1|135413684121|0,658.19,Occasion,16 Go,512 Go,Lenovo,Noir,15.6 in,1920 x 1080 (Full HD)
,v1|196707160118|0,279.99,Très bon état - Reconditionné,16Go,1To SSD,Lenovo,Noir,"14""",titre
,v1|315977406404|0,300.0,Occasion,8 Go,256 Go,AMD,Argenté,"14""",1920 x 1080
,v1|404540498356|0,179.98,Neuf,4Go,64 Go,Thomson,Argenté,14 pouces,768p
,v1|196877251109|0,479.0,Très bon état - Reconditionné,32Go,1To SSD M.2,Lenovo,Noir,"14""",1920x1080
,v1|387533272894|0,550.0,Occasion,8 Go,256 Go,Apple,Gris,"13""",2560 x 1600
,v1|387725227297|0,399.0,Neuf,"8 Go, LPDDR4X",512 Go,Acer,Or,Non,Full HD
,v1|256698034695|0,3395.65,Neuf,48 Go,512 Go,Apple,Noir,14 in,3024x1964
,v1|276457853010|0,1029.0,Ouvert (jamais utilisé),16 Go,512 Go,Samsung,Argenté,"13,3""",1920 x 1080
,v1|387536346977|0,510.0,Occasion,128 Go,128 Go,Apple,Gris,"13""",2560 x 1600
,v1|186844126683|0,150.0,Occasion,4 Go,320 Go,Toshiba,voir descriptif,"15,6""",voir descriptif
,v1|196295442315|0,209.0,Très bon état - Reconditionné,8 Go,512Go SSD,HP,Argenté / Noir,"13.3""",1366 x 768
,v1|185847654492|0,159.0,Occasion,4,0,Lenovo,Noir,"14""",nn
,v1|365247172978|0,102.07,Occasion,8 Go,500 Go,Lenovo,Gris,35.6cm,1366 x 768
,v1|276164041488|0,245.0,Occasion,8 Go,500 Go,Sony,Argent et blanc,17.3,1600 x 900
,v1|387323263438|0,1099.0,Neuf,"16 Go, DDR5 SDRAM",1 To,Acer,Noir,Non,WUXGA
,v1|356010030126|0,140.0,Occasion,4 Go,500 Go,Lenovo,Blanc,"11,6""",1366 x 768
,v1|156516182844|0,849.0,Neuf,16 Go,512 Go,HP,Noir,"15,6""",1920 x 1080
,v1|405382830197|0,907.55,Occasion,32284,32 Go,Dell,Argent,17 Zoll,1920 x 1080
,v1|196666271693|0,299.0,Très bon état - Reconditionné,8Go,250GO SSD,HP,Silver,15.6 LED MAT,titre
,v1|165750731512|0,260.0,Occasion,16 Go,256 Go,HP,Argenté,13,1920 x 1080
,v1|314700929306|0,179.99,Occasion,8 Go,256 Go,Apple,Argenté,"13""",1280 x 800
,v1|156577302618|0,463.86,Occasion,32 Go,32 Go,Dell,Braun,"15,6 Zoll",1920 x 1080
,v1|256752667920|0,357.67,État correct - Reconditionné,8 Go,512 Go,DELL,Noir,"15,6""",1920 x 1080
,v1|285707837214|0,749.0,Ouvert (jamais utilisé),16 Go,512 Go,HP,Noir,"16,1""",1920 x 1080
,v1|356194283298|0,185.0,Occasion,8 Go,120 Go,HP,Argenté,"15,6""",1366 x 768
,v1|196577921143|0,419.0,Très bon état - Reconditionné,32go,1To SSD,Dell,Noir,15.6,1920 * 1080
,v1|196668401603|0,660.0,Parfait état - Reconditionné,16Go,512 Go,Acer,Noir,"17.3"" FULL",1920 * 1080
,v1|387608261168|0,148.0,Occasion,8 Go,256Go,Dell,Noir,"14""",titre
,v1|387323263344|0,999.0,Neuf,"16 Go, DDR5 SDRAM",1 To,Acer,Noir,Non,WUXGA
,v1|335369342143|544742006232,263.99,Neuf,8 Go,256 Go,CHUWI,Gris,"14,1""",1920 x 1080
,v1|196358288867|0,319.0,Très bon état - Reconditionné,16Go,64Go,HP,Silver,"14""",titre
,v1|275553510072|0,170.0,Occasion,4Go,256 Go,THOMSON,Gris,14 pouces,720p
,v1|205165285504|0,219.16,Occasion,4 Go,256 Go,Panasonic,Argent,"7,2 Zoll",1200 x 800
,v1|146109196923|0,899.99,Occasion,16 Go,512 Go,ASUS,Noir,"15,6""",1920 x 1080
,v1|176500177540|0,765.0,Ouvert (jamais utilisé),8 Go,128 Go,Microsoft,Noir,"13""",2880 x 1920
,v1|326099554009|0,365.0,Occasion,8 Go,256 Go,Apple,Argenté,"15,4""",2880 x 1800
,v1|365183559348|0,201.0,État correct - Reconditionné,2Go,64GBGo,Apple,Silver,"11""",2560x1600
,v1|165593615440|0,380.0,Occasion,16 Go,512 Go,Toshiba,Noir,"12,5""",1920 x 1080
,v1|156516290762|0,792.0,Neuf,32 Go,1 To,- Sans marque/Générique -,Noir,"15,6""",1920 x 1200
,v1|186434839022|0,210.0,Occasion,4 Go,320 Go,Apple,Argenté,"13""",1280 x 800
,v1|186483965164|0,266.66,Occasion,8 Go,256 Go,Apple,argent,"13,3""",2560 x 1600
,v1|267053816333|0,149.0,Occasion,512 Mo,80 Go,ASUS,Noir,"15,4""",1280 x 800
,v1|126814142985|0,1270.26,Occasion,64 Go,2 To,HP,Noir,40.6cm,1920 x 1080
,v1|186457833758|0,75.0,Occasion,4 Go,32 Go,HP,Blanc,"14""",1366 x 768
,v1|126801893651|0,170.0,Occasion,6 Go,512 Go,ASUS,Argenté,"15,6""",1366 x 768
,v1|385728207057|0,1249.0,Occasion,8 Go,256 Go,Panasonic,Argenté,"12""",2160 x 1440
,v1|374994754615|644402955367,24.95,Neuf,6 Go,1 To,- Sans marque/Générique -,Gris,"14""",1920 x 1200
,v1|394400841828|0,279.0,Occasion,8 Go,256 Go,Lenovo,Noir,"14""",1920 x 1080
,v1|185244471821|0,69.0,Occasion,0,0,Dell,Noir,"14,1""",3840 x 2400
,v1|176101234038|0,198.0,Occasion,8 Go,256 Go,Lenovo,Gris,"15,6""",1920 x 1280
,v1|196308734990|0,409.0,Très bon état - Reconditionné,16 Go,1To SSD,Dell,Noir,15.6,1920 x 1080
,v1|167156111766|0,240.0,Occasion,8 Go,500 Go,HP,Gris,"15,6""",1366 x 768
,v1|205166165005|0,497.09,Occasion,16 Go,512 Go,GPD,Noir,8 in,1280 x 800
,v1|315867339622|0,600.0,Occasion,16 Go,500 Go,ASUS,Noir,"15,6""",1920 x 1080
,v1|126651320985|0,430.0,Neuf,16 Go,512 Go,Lenovo,Gris,"15""",1920 x 1080
,v1|305899337191|0,219.0,Occasion,8 Go,256 Go,Lenovo,Noir,"12,5""",1366 x 768
,v1|186789355742|0,155.0,Occasion,8 Go,256 Go,HP,Gris,"14""",1366 x 768
,v1|315894478951|0,140.0,Occasion,4 Go,120 Go,ASUS,Argenté,"15,6""",1366 x 768
,v1|126810386829|0,1529.66,Neuf,32 Go DDR5-5600,1 To,HP,Gris,16.1 inches,1920 x 1080
,v1|267053725107|0,169.0,Occasion,2 Go,160 Go,ASUS,Gris,"15""",1280 x 800
,v1|364988995097|0,349.0,Parfait état - Reconditionné,12 Go,512 Go,Lenovo,Noir,"14""",1920 x 1080
,v1|156548863211|0,443.69,Occasion,8192,256 Go,Dell,Noir,14 Zoll,1920 x 1080
,v1|286144177167|0,680.0,Neuf,16 Go,512 Go,HP,Argenté,14,2880 x 1800
,v1|387491214268|0,580.0,Occasion,8 Go,256 Go,Apple,Gris,"13""",2560 x 1600
,v1|186740440416|0,140.0,Occasion,4 Go,128 Go,KUU YOBOOK,Argent,"13,3""",3000 x 2000
,v1|387406754603|0,184.0,Occasion,16 Go,1 To,Fujitsu,Noir,"15,6""",1366 x 768
,v1|196295439757|0,300.0,Très bon état - Reconditionné,16go,1To SSD,Dell,Noir,"12""5",titre
,v1|375292404511|0,70.0,Neuf,2 Go,16 Go,notebook silver,Gris,"10,1""",1280×800px
,v1|115316276874|0,350.0,Occasion,8 Go,8 Go,Dell,Gris,"15,6""",1920 x 1080
,v1|176678358242|0,700.0,Occasion,16 Go,512 Go,Acer,Noir,"17,3""",1920 x 1080
,v1|126812264948|0,178.89,Occasion,8 Go,256 Go,Lenovo,multicolore,"14,4 Zoll",1920 x 1080
,v1|196426879142|0,399.0,État correct - Reconditionné,16Go,1To SSD,HP,Noir,"14""",1920 * 1080
,v1|374990074813|0,329.95,Neuf,8 Go,256 Go,- Sans marque/Générique -,Noir,"15,6""",1920 x 1080
,v1|235745500525|0,450.0,Occasion,16 Go,256 Go,Lenovo,Noir,13.3,1920 x 1080
,v1|156191292740|0,235.0,Occasion,8 Go,256 Go,Apple,Argenté,"13,3""",2560 x 1600
,v1|296176467528|0,679.0,Occasion,32 Go,512 Go,Dell,Gris,"15,6""",1920 x 1080
,v1|126814142969|0,1154.51,Occasion,32 Go,1 To,HP,Noir,40.6cm,1920 x 1080
,v1|335202567631|0,220.0,Occasion,8 Go,Sans objet,Dell,Gris,"12,5""",1366 x 768
,v1|134894131934|0,300.0,Occasion,16 Go,512 Go,HP,Argent,14.0,1920 x 1080
,v1|186003614342|0,307.9,Neuf,4Go,128 Go eMMC,MEDION,Gris,14 pouces,1080p (FHD)
,v1|305795105483|0,250.0,Occasion,16Go,256 Go,Dell,Noir,"13.3""",1920 x 1080
,v1|196295445185|0,289.0,Très bon état - Reconditionné,32 Go,480Go SSD M2,HP,Noir,"14""",1366* 768
,v1|305592116404|0,300.0,Occasion,6 Go,512 Go,Apple,Argenté,"15""",1440 x 900
,v1|387690848116|0,599.0,Neuf,"8 Go, LPDDR5",512 Go,Acer,Gris,Non,Full HD
,v1|365240190994|0,530.0,État correct - Reconditionné,8Go,128Go,Apple,Silver,"13""",2560x1600
,v1|356013502918|0,449.99,Occasion,8 Go,128 Go,Microsoft,Argenté,"12,4""",1536 x 1024
,v1|326083912820|0,170.0,Occasion,4 Go,256 Go,Apple,Argenté,"11,6""",1366 x 768
,v1|305899343154|0,212.5,Occasion,8 Go,1 To,HP Laptop PC Portable,Gris,"14""",1920 x 1080
,v1|365285717357|0,960.0,Parfait état - Reconditionné,16Go,256Go,Apple,Space Grey,"13""",2560x1600
,v1|156488579136|0,115.0,Occasion,6 Go,120 Go,Packard Bell,Noir,"15,6""",1366 x 768
,v1|387690731752|0,449.0,Neuf,"8 Go, LPDDR5",64 Go,Acer,Argenté,Non,Full HD
,v1|385359694245|0,500.0,Occasion,8 Go,128 Go,Microsoft,Argenté,"13,5""",2256 x 1504
,v1|126763403309|0,29.49,Neuf,512 Go,1 Go,KAIWEETS,Argenté,"4,5""",320 x 240
,v1|156585932586|0,503.19,Occasion,32 Go,512 Go,Dell,Argent,"15,6 Zoll",1920 x 1080
,v1|196295437689|0,299.0,État correct - Reconditionné,8Go,256 Go,HP,Noir,"14""",1920 * 1080
,v1|196295445102|0,269.0,Très bon état - Reconditionné,16 Go,480Go SSD M2,HP,Noir,"14""",1366* 768
,v1|387459112942|0,85.44,Occasion,DDR4 SDRAM SO-DIMM,120 Go,Dell,Noir,"12,5 Zoll (31,8 cm)",1366 x 768
,v1|375868561453|0,159.07,Occasion,256 Go,256 Go,Panasonic,Silver,12 in,2160 x 1440
,v1|134547087595|0,334.99,Occasion,4 Go,Non présent,Apple,argent,"13""",1280 x 800
,v1|355932388797|0,300.0,Ouvert (jamais utilisé),8 Go,256 Go,HP,Argenté,"14""",1920 x 1080
,v1|296844472451|0,700.0,Occasion,16 Go,512 Go,HP,Argent,"15,6""",1920 x 1080
,v1|126799785827|0,173.73,Occasion,4 Go,64 Go,Microsoft,multicolore,"10,1 Zoll",1920 x 1080
,v1|185852955097|0,149.0,Occasion,8 Go,0,HP,Gris,12.5,Nn
,v1|196308681098|0,299.0,État correct - Reconditionné,8Go,256Go SSD,HP,Silver,"13.3"" Tactile",titre
,v1|305924749930|0,150.0,Ouvert (jamais utilisé),8 Go,256 Go,Lenovo,Noir,"14""",1920 x 1080
,v1|185270552691|0,249.0,Occasion,8 Go,256 Go,HP,"Noir, Argenté","14""",1920 x 1080
,v1|196295442324|0,209.0,Très bon état - Reconditionné,8Go,512Go SSD,Dell,Noir,"12""5",titre
,v1|365170531625|0,1008.0,Parfait état - Reconditionné,8Go,256Go,Apple,Midnight,"13""",2560x1664
,v1|176525100400|0,700.0,Ouvert (jamais utilisé),16 Go,512 Go,Acer,Noir,"15,6""",1920 x 1080
,v1|126814142965|0,1073.52,Occasion,16 GB,1 To,HP,Argent,39.6cm,1920 x 1080
,v1|314053254357|612721989779,889.0,Occasion,32 GO,256 GO,HP,Gris,"17""",1920 x 1080
,v1|285257077132|0,369.0,État correct - Reconditionné,8 Go,256 Go,Dell,Noir,"15,6""",1920 x 1080
,v1|286074704464|0,279.0,État correct - Reconditionné,8 Go,SSD 256,FUJITSU,Noir,"15.6""",1920 x 1080
,v1|365279133448|0,793.0,État correct - Reconditionné,16Go,512Go,Apple,Space Grey,"13""",2560x1600
,v1|387507173112|0,750.0,Occasion,16 Go,512 Go,Lenovo,PHANTOM_BLUE,"17,3""",1920 x 1080
,v1|395273080557|0,799.0,Occasion,8 Go,512 Go,Microsoft,Noir,"13,5""",2256 × 1504
,v1|286126219548|0,119.06,Occasion,8 Go,128 Go,Lenovo,Noir,33.8cm,1920 x 1080
,v1|387682853459|0,376.0,Occasion,8 Go,256 Go,Lenovo,Noir,"15,6""",1920 x 1080
,v1|326310421800|0,390.0,Neuf,8 Go,512 Go,HP,Argenté,"14""",FHD (1920 x 1080)
,v1|196577916604|0,349.0,Très bon état - Reconditionné,16Go,2To SSD,Dell,Noir,15.6,1920 * 1080
,v1|374962915600|0,1000.0,Occasion,32 Go,512 Go,Dell,Argenté,"15,6""",1920 x 1200
,v1|186844126694|0,180.0,Occasion,4 Go,voir descriptif,Samsung,voir descriptif,"15,6""",voir descriptif
,v1|226463324554|0,325.0,Occasion,16Go,512 Go,Lenovo,Noir,"14""",1920x1080
,v1|126810387053|0,1071.86,Occasion,16 GB,512 Go,HP,Gris,39.6cm,15.6
,v1|126710610849|0,1230.0,Occasion,16 Go,240 Go,MSI,Noir,"17,3""",1920 x 1080
,v1|196295436811|0,379.0,Très bon état - Reconditionné,16Go,1To,HP,Noir,"14""",1920 * 1080
,v1|405410151307|0,765.38,Occasion,32768,1 To,Dell,Argent,"15,6 Zoll",1900 1200 x
,v1|364918266412|0,480.0,Parfait état - Reconditionné,8Go,128Go,Apple,Space Grey,"13""",2560x1600
,v1|135407914303|0,1130.3,Ouvert (jamais utilisé),16 GB,512 Go,Lenovo,Noir,33.8cm,1920 x 1080
,v1|255428855995|0,789.0,Neuf,8 Go,512 Go,Panasonic,Argenté,"7""",1280 x 800
,v1|405422912401|0,1188.48,Neuf,16 GB,512 Go,Lenovo,Noir,39.6cm,1920 x 1080
,v1|405411178935|0,196.64,Occasion,16 GB,512 Go,Dell,Noir,"14 Zoll (35,6 cm)",1920 x 1080
,v1|134946902257|0,20.0,Occasion,000,000,Switch Hdmi,Noir,00,000
,v1|126522633989|0,100.0,Occasion,4 Go,1 To,Packard Bell,Noir,"15,6""",1366 x 768
,v1|285658367054|0,249.9,Occasion,8 Go,256 Go,Dell,Noir,"14""",1366 x 768
,v1|335565736309|0,130.0,Occasion,8 Go,256 Go,Dell,Noir,"15,6""",1366 x 768
,v1|395955497803|0,139.9,Occasion,4 Go,300 Go,Terra,Noir,"15,6""",1366 x 768
,v1|285730507589|0,1000.0,Occasion,16 Go,512 Go,Razer,Noir,"15,6""",1920 x 1080
,v1|135413537187|0,887.4,Occasion,16 Go,512 Go,Dell,Noir,15.6 in,1920 x 1080 (Full HD)
,v1|286168333008|0,325.0,Occasion,8 Go,512 Go,ASUS,Gris,"15,6""",1600 x 900
,v1|365277819468|0,985.0,Ouvert (jamais utilisé),512 Go,512 Go,Dell,Argenté,"13,4""",1920 x 1200
,v1|196295470093|0,209.0,Très bon état - Reconditionné,16go,1to SSD,HP,Silver,14',titre
,v1|404331413367|0,200.0,Occasion,4 Go,120 Go,HP,Argenté,"14""",1366*768
,v1|186761273047|0,80.0,Occasion,4 Go,100 Go,ASUS,Noir,"13,3""",1366 x 768
,v1|375686486627|0,700.0,Occasion,8 Go,256 Go,Apple,Gris,"13""",2560 x 1600
,v1|156354919775|0,549.0,Ouvert (jamais utilisé),8 Go,128 Go,Apple,Argenté,"13""",2560 x 1600
,v1|156435071091|0,695.0,Occasion,16 Go,1 To,ASUS,Bleu,"15,6""",1920 x 1080
,v1|285003261004|0,309.9,Occasion,8 Go,256 Go,Lenovo,Noir,"14""",1920 x 1080
,v1|255391903284|0,2500.0,Ouvert (jamais utilisé),4 Go,580 Go,Acer,Argenté,"14""",1360 x 768
,v1|315856191376|0,600.0,Neuf,8 Go,8 Go,Apple,Gris,"13""",2560 x 1600
,v1|176727266043|0,119.99,Occasion,4 Go,250 Go,Apple,Argenté,"13""",1280 x 800
,v1|295785551009|0,2000.0,Occasion,32 Go,1 To,MSI,Noir,"15,6""",3840 x 2160
,v1|126810386882|0,2056.57,Occasion,64 Go,4 To,HP,Gris,16.1 inches,1920 x 1080
,v1|135290132980|0,342.31,Occasion,8 Go,256 Go,HP,Silver,15.6 in,1920 x 1080
,v1|205154308840|0,915.14,Occasion,16 GB,512 Go,Dell,Gris,35.6cm,1920 x 1080
,v1|314445199518|0,199.0,Occasion,16 Go,0,Dell,Noir,"13""",1366 x 768
,v1|256519262421|0,260.84,Occasion,8 Go,256 Go,Panasonic,Silver,12.1 in,1920 x 1200
,v1|126810387186|0,1202.88,Occasion,32 Go,1 To,HP,Argent,35.6cm,1920 x 1200
,v1|226494587779|0,1050.0,Occasion,32 Go,750 Go,Dell,Gris,"17""",1920 x 1080
,v1|175832568652|0,993.9,Neuf,8Go,256 Go SSD,APPLE,Or,13 pouces,2560 x 1600 (WQXGA)
,v1|115716353915|0,1149.0,Occasion,16 Go,1 To,Alienware,gris foncé,"15,6""",1920 x 1080
,v1|365168156056|634822196985,8.3,Neuf,Type Régulier,Type Régulier,- Sans marque/Générique -,Type régulier,Type régulier,Regular
,v1|286017283274|0,195.6,Occasion,4 Go,64 Go,Microsoft,Argent,"10,5""",1920 x 1280
,v1|267071169219|0,169.0,Occasion,4 Go,500 Go,Dell,Gris/noir,"15,6""",1920 x 1080
,v1|126802586235|0,1420.76,Neuf,"16 Go : 2 x 8 Go, DDR5, 4 800 MT/s",1 To,Dell,"Extérieur argent platine, intérieur noir",39.6cm,1900 x 1200
,v1|266640226853|0,789.0,Neuf,8 Go,512 Go,Panasonic,Argenté,"7""",1280 x 800
,v1|255675362341|0,359.0,Occasion,4 Go,500 Go,Panasonic,Argenté,"14""",1366 x 768
,v1|176565308938|0,119.0,Occasion,6 Go,500 Go,Toshiba,Noir,"13,3""",1366 x 768
,v1|145086202458|0,454.99,Occasion,8 Go,128 Go,Apple,argent,"13""",2560 x 1600
,v1|387202253834|0,899.0,Neuf,"16 Go, DDR4 SDRAM",512 Go,Acer,Noir,Non,Full HD
,v1|364676214777|0,643.0,Parfait état - Reconditionné,8Go,512Go,Apple,Gold,"13""",2560x1600
,v1|395009847540|0,650.0,Neuf,16Go (Max 64Go),512 Go,MSI,Noir,"17,3""",1920 x 1080
,v1|286049134376|0,409.0,Très bon état - Reconditionné,8 Go,SSD 256,DELL,Gris,"14""",1920 x 1080
,v1|335608134328|0,230.0,Occasion,8 Go,250 Go,Lenovo,Noir,"12,5""",1920 x 1080
,v1|186437867657|0,60.0,Occasion,1 Go,0,Toshiba,Gris,"15,3""",1280 x 800
,v1|226083563191|0,469.43,Occasion,8 Go,500 Go,Panasonic,Noir/Argent,"14""",1366x768
,v1|235770604228|0,299.0,Occasion,8 Go,500 Go,HP,Argenté,"14""",1920 x 1080
,v1|126802586204|0,1223.5,Occasion,32 Go,1 To,Acer,Argent mica,39.6cm,1920 x 1080
,v1|286207415011|0,629.0,État correct - Reconditionné,32 Go,SSD 512,HP,Gris,"13""",1920 x 1080
,v1|365206666374|0,959.0,État correct - Reconditionné,8Go,256Go,Apple,Starlight,"13""",2560x1664
,v1|365107390470|0,1008.0,Parfait état - Reconditionné,8Go,256Go,Apple,Midnight,"13""",2560x1664
,v1|196648019556|0,279.0,Très bon état - Reconditionné,16Go,1To SSD,Dell,Noir,14,titre
,v1|295933219757|0,300.0,Neuf,128 Go,128 Go,Sgin,Gris,"15,6""",1366 x 768
,v1|405283093829|0,1100.0,Neuf,8 Go,512 Go,Apple,Gris,"13,6""",2560 x 1664
,v1|126371579515|0,280.0,Occasion,8 Go,128 Go,Apple,Argenté,"13,3""",2560 x 1600
,v1|285891881940|0,341.78,Occasion,16 Go,512 Go,Panasonic,Silver,12 in,1920 x 1200
,v1|405049639310|0,799.0,Neuf,8 Go,8 Go,Apple,Argenté,13 pouces,2560 x 1600 (WQXGA)
,v1|116419427013|0,260.0,Occasion,16 Go,256 Go,Dell,Argenté,"15,6""",1920 x 1280
,v1|134946901421|0,10.0,Occasion,000,000,Switch VGA,Noir,00,000
,v1|314910104038|0,500.0,Occasion,16 Go,1 To,ASUS,Noir,"15,6""",1920 x 1080
,v1|176095961618|0,125.0,Occasion,4 Go,4 Go,HP,Gris,"15,6""",1920 x 1080
,v1|314509445668|0,399.0,Occasion,16 Go,512 Go,Dell,Noir,"15""",1920 x 1080
,v1|296884429196|0,800.0,Occasion,16 Go,512 Go,Apple,Gris,"16""",3072 x 1920
,v1|226327181378|0,340.0,Occasion,24 Go,512 Go,Lenovo,Noir,"14""",1920x1080
,v1|375402074814|0,220.0,Occasion,8 Go,128 Go,Acer,Gris,"15,6""",1920 x 1080
,v1|394118313675|0,249.0,Occasion,8 Go,256 Go,Dell,Gris,"12,5""",1366 x 768
,v1|395955504857|0,199.9,Occasion,8 Go,250 Go,Fujitsu,Noir,"15,6""",1366 x 768
,v1|375770918427|0,200.0,Occasion,8 Go,128 Go,Lenovo,Gris,"15,6""",1920 x 1080
,v1|196629548770|0,339.0,Très bon état - Reconditionné,32Go,1To SSD,Dell,Noir,"14""",1366 x 768
,v1|365172618828|0,456.0,État correct - Reconditionné,8Go,128Go,Apple,Space Grey,"13""",2560x1600
,v1|296174428586|0,349.0,Occasion,4GO,128 Go,HP,Argenté,"15,6""",1600 x 900
,v1|196385327676|0,349.0,Occasion,16Go,250Go SSD,Apple,Silver,"15.4""",2880 * 1800
,v1|196308715100|0,299.0,État correct - Reconditionné,8GO,256Go SSD,Lenovo,Noir,"14""",1920x1080
,v1|196295442296|0,289.0,Très bon état - Reconditionné,16Go,1To,Dell,Noir,"14""",titre
,v1|405084027692|0,299.0,Occasion,16 Go,512 Go,Dell,Noir,"14""",1366 x 768
,v1|404816155149|0,169.0,Occasion,8 Go,256 Go,Lenovo,Noir,"12""5",1366 x 768
,v1|375218216563|0,700.0,Occasion,16 Go,512 Go,ASUS,Gris,"15,6""",1920 x 1080
,v1|404824741310|0,379.0,Occasion,8 Go,256 Go,HP,Argenté,"14""",1920 x 1080
,v1|267055556329|0,176.06,Occasion,8 Go,128 Go,Apple,Argent,33.8cm,1440 x 900
,v1|405203311942|0,850.0,Neuf,16 Go,512 Go,HP,Argenté,"14""",1920 x 1080
,v1|176067363497|0,260.0,Occasion,8 Go,512 Go,HP,Argenté,"14""",1920 x 1080
,v1|145812227853|0,439.0,Occasion,8 Go,512Go,Dell,Noir,"13.3""",1920 x 1080
,v1|156040031884|0,849.0,Neuf,16 Go,512 Go,ASUS,Argenté,"17,3""",1920 x 1080
,v1|365168701258|0,530.0,État correct - Reconditionné,8Go,128Go,Apple,Silver,"13""",2560x1600
,v1|176258921465|0,700.0,Occasion,16 Go,512 Go,Acer,Noir,"17,3""",1920 x 1080
,v1|365185213293|0,624.0,État correct - Reconditionné,8Go,512Go,Apple,Silver,"13""",2560x1600
,v1|205099214730|0,860.99,Occasion,16 GB,1 To,Getac,multicolore,14 pouces,1920 x 1080
,v1|285597742267|0,5.51,Neuf,Type Régulier,Type Régulier,- Sans marque/Générique -,Type régulier,Type régulier,Regular
,v1|186844126693|0,250.0,Occasion,4 Go,500 Go,HP,voir descriptif,"15,6""",voir descriptif
,v1|405326733139|0,450.00,Neuf,8 Go,256 Go,HP,Noir,"15,6""",1920 x 1080
,v1|196646692990|0,545.89,Ouvert (jamais utilisé),256 Go,256 Go,Lenovo,Noir,"14""",1920 x 1080
,v1|196295438454|0,169.00,Occasion,8Go,titre,Dell,Noir,"12.5 """,titre
,v1|335654552560|0,375.00,Occasion,8 Go,480 Go,Dell,Gris Noir,"15,6""",1920 x 1080
